9.106e+03|1|165
1.971e+03|1|622
3.799e+03|1|994
3.998e+03|1|785
1.021e+03|1|37
6.68e+03|1|7
3.476e+03|1|151
3.191e+03|1|238
4.52e+03|1|503
916.6|1|906
5.768e+03|1|489
536.1|1|150
1.259e+03|1|107
4.977e+03|1|31
423.9|1|839
1.74e+03|1|635
2.369e+03|1|722
4.862e+03|1|474
4.385e+03|1|136
1.323e+03|1|640
2.754e+03|1|404
3.178e+03|1|644
316.3|1|682
4.357e+03|1|905
3.484e+03|1|990
663.8|1|323
2.589e+03|1|434
1.489e+03|1|114
3.935e+03|1|185
854.9|1|174
478.6|1|414
2.896e+03|1|69
4.2e+03|1|81
619.4|1|389
1.165e+03|1|135
3.287e+03|1|744
3.043e+03|1|251
3.713e+03|1|761
439.4|1|488
2.399e+03|1|138
3.199e+03|1|208
1.026e+03|1|469
1.493e+03|1|687
1.639e+03|1|133
1.661e+03|1|646
1.818e+03|1|59
6.998e+03|1|982
729.0|1|327
1.45e+03|1|565
8.536e+03|1|32
1.475e+03|1|293
2.687e+03|1|324
1.685e+03|1|639
3.152e+03|1|583
3.434e+03|1|723
1.541e+03|1|15
1.498e+03|1|555
2.343e+03|1|751
536.4|1|142
2.904e+03|1|228
1.798e+03|1|847
844.2|1|481
760.9|1|561
1.41e+03|1|283
7.516e+03|1|269
3.601e+03|1|281
2.993e+03|1|285
2.197e+03|1|520
475.6|1|915
2.392e+03|1|119
1.055e+03|1|699
1.569e+03|1|969
1.299e+03|1|417
2.579e+03|1|985
1.128e+03|1|242
7.388e+03|1|487
4.601e+03|1|652
1.874e+03|1|843
710.6|1|421
2.065e+03|1|391
2.773e+03|1|671
5.232e+03|1|810
3.513e+03|1|896
583.8|1|775
3.205e+03|1|752
3.871e+03|1|110
6.345e+03|1|636
1.862e+03|1|974
4.415e+03|1|530
1.643e+03|1|510
5.142e+03|1|365
4.613e+03|1|40
2.774e+03|1|822
5.617e+03|1|241
3.351e+03|1|904
1.654e+03|1|390
442.5|1|263
4.529e+03|1|94
944.6|1|925
893.8|1|876
4.993e+03|1|999
4.97e+03|1|144
1.353e+03|1|666
1.477e+03|1|546
3.132e+03|1|548
1.796e+03|1|995
2.199e+03|1|798
617.9|1|357
1.289e+03|1|714
1.192e+03|1|308
1.965e+03|1|965
2.807e+03|1|23
1.384e+03|1|872
1.353e+03|1|71
972.6|1|43
5.453e+03|1|735
4.309e+03|1|901
2.27e+03|1|433
1.063e+03|1|446
693.0|1|152
3.412e+03|1|803
1.273e+03|1|773
4.089e+03|1|279
1.437e+03|1|294
1.34e+03|1|537
2.665e+03|1|64
4.036e+03|1|137
1.231e+03|1|448
1.894e+03|1|338
256.0|1|158
5.524e+03|1|795
2.283e+03|1|647
855.2|1|456
677.9|1|156
7.414e+03|1|697
5.706e+03|1|783
1.128e+03|1|265
746.3|1|370
3.588e+03|1|239
7.321e+03|1|863
7.303e+03|1|330
2.961e+03|1|303
5.339e+03|1|849
5.449e+03|1|55
2.997e+03|1|930
716.9|1|577
1.146e+03|1|355
423.8|1|202
448.2|1|841
3.778e+03|1|92
2.175e+03|1|563
2.931e+03|1|1
667.4|1|231
1.083e+03|1|343
787.4|1|250
1.63e+03|1|628
3.658e+03|1|128
4.431e+03|1|473
993.0|1|145
1.638e+03|1|88
3.894e+03|1|576
3.446e+03|1|237
4.095e+03|1|910
917.2|1|604
4.048e+03|1|341
1.451e+03|1|362
5.24e+03|1|557
894.0|1|814
3.915e+03|1|959
2.081e+03|1|164
1.721e+03|1|823
1.875e+03|1|553
5.125e+03|1|691
1.61e+03|1|731
1.218e+03|1|656
898.4|1|289
513.0|1|792
6.105e+03|1|127
8.032e+03|1|2
5.867e+03|1|438
3.563e+03|1|252
2.801e+03|1|356
2.87e+03|1|393
1.383e+03|1|98
1.854e+03|1|134
4.661e+03|1|605
1.462e+03|1|590
4.711e+03|1|528
2.899e+03|1|5
1e+03|1|360
3.342e+03|1|672
951.1|1|90
6.177e+03|1|543
2.726e+03|1|309
3.199e+03|1|946
3.039e+03|1|696
2.597e+03|1|554
1.482e+03|1|677
3.077e+03|1|410
4.349e+03|1|742
1.276e+03|1|545
3.404e+03|1|680
4.883e+03|1|616
5.566e+03|1|756
1.011e+03|1|147
1.126e+03|1|942
2.637e+03|1|353
2.598e+03|1|556
1.402e+03|1|21
2.188e+03|1|14
4.09e+03|1|918
3.68e+03|1|44
4.621e+03|1|302
2.316e+03|1|273
1.224e+03|1|155
243.5|1|651
909.1|1|259
2.937e+03|1|667
6.498e+03|1|38
262.1|1|178
1.963e+03|1|579
2.708e+03|1|352
2.573e+03|1|818
4.052e+03|1|662
4.377e+03|1|820
2.197e+03|1|642
576.9|1|952
2.183e+03|1|898
6.209e+03|1|586
1.429e+03|1|679
3.17e+03|1|540
2.524e+03|1|184
4.007e+03|1|112
4.304e+03|1|440
468.1|1|611
4.726e+03|1|436
4.432e+03|1|359
1.46e+03|1|305
4.533e+03|1|26
947.5|1|329
1.873e+03|1|875
1.431e+03|1|968
1.268e+03|1|615
748.2|1|825
3.771e+03|1|715
872.9|1|566
1.732e+03|1|727
2.075e+03|1|797
1.43e+03|1|883
1.746e+03|1|726
1.812e+03|1|291
3.972e+03|1|286
5.523e+03|1|65
746.3|1|774
5.267e+03|1|67
2.945e+03|1|91
3.588e+03|1|419
1.437e+03|1|459
1.63e+03|1|230
603.2|1|111
2.907e+03|1|559
3.139e+03|1|249
1.788e+03|1|375
3.363e+03|1|253
6.34e+03|1|439
811.1|1|314
1.605e+03|1|233
1.217e+03|1|633
3.752e+03|1|345
1.913e+03|1|606
1.219e+03|1|346
2.569e+03|1|180
5.208e+03|1|102
3.271e+03|1|658
1.585e+03|1|954
2.488e+03|1|649
4.447e+03|1|122
4.401e+03|1|728
4.998e+03|1|567
4.02e+03|1|162
1.218e+03|1|413
5.105e+03|1|664
895.1|1|93
5.074e+03|1|465
1.978e+03|1|634
2.63e+03|1|167
5.191e+03|1|922
5.988e+03|1|846
3.066e+03|1|28
1.267e+03|1|262
2.651e+03|1|334
936.2|1|588
3e+03|1|437
6.38e+03|1|468
4.415e+03|1|890
2.729e+03|1|844
3.078e+03|1|891
4.426e+03|1|89
4.656e+03|1|322
5.31e+03|1|899
563.0|1|771
2.69e+03|1|764
5.373e+03|1|657
1.18e+03|1|654
1.394e+03|1|718
6.343e+03|1|395
1.886e+03|1|511
6.551e+03|1|551
4.77e+03|1|698
424.4|1|614
1.648e+03|1|154
2.316e+03|1|441
2.484e+03|1|829
4.865e+03|1|226
1.86e+03|1|189
836.0|1|507
1.01e+03|1|972
3.692e+03|1|480
567.2|1|248
1.506e+03|1|163
855.2|1|834
731.1|1|831
2.164e+03|1|800
1.758e+03|1|243
2.702e+03|1|160
4.044e+03|1|769
6.108e+03|1|464
3.307e+03|1|227
547.7|1|29
2.904e+03|1|316
1.504e+03|1|246
895.5|1|45
1.077e+03|1|197
1.388e+03|1|892
2.452e+03|1|996
3.191e+03|1|475
1.775e+03|1|315
730.2|1|60
2.964e+03|1|924
4.396e+03|1|319
2.5e+03|1|146
675.3|1|354
1.527e+03|1|641
2.606e+03|1|685
1.522e+03|1|170
495.4|1|706
2.132e+03|1|780
1.084e+03|1|516
1.154e+03|1|18
1.303e+03|1|768
925.1|1|827
2.81e+03|1|462
3.699e+03|1|948
2.091e+03|1|57
1.199e+03|1|562
2.834e+03|1|72
1.212e+03|1|678
1.226e+03|1|626
3.714e+03|1|52
3.362e+03|1|485
5.601e+03|1|418
3.808e+03|1|74
1.367e+03|1|403
753.9|1|686
1.243e+03|1|195
1.332e+03|1|177
1.257e+03|1|435
308.7|1|926
4.132e+03|1|776
3.454e+03|1|358
3.273e+03|1|547
2.617e+03|1|461
405.5|1|280
1.166e+03|1|229
6.372e+03|1|895
2.729e+03|1|470
1.082e+03|1|171
2.453e+03|1|845
1.171e+03|1|105
2.051e+03|1|491
7.301e+03|1|592
2.66e+03|1|292
568.8|1|789
6.291e+03|1|312
7.576e+03|1|425
1.845e+03|1|796
2.139e+03|1|637
6.497e+03|1|591
1.207e+03|1|125
3.12e+03|1|569
4.919e+03|1|46
4.291e+03|1|109
3.022e+03|1|832
4.62e+03|1|396
3.953e+03|1|648
1.001e+03|1|655
318.0|1|366
4.331e+03|1|126
3.497e+03|1|51
1.771e+03|1|809
3.195e+03|1|311
1.938e+03|1|232
6.203e+03|1|301
5.901e+03|1|99
7.172e+03|1|935
1.131e+03|1|215
1.249e+03|1|518
5.749e+03|1|382
1.346e+03|1|139
1.873e+03|1|938
5.057e+03|1|921
901.1|1|623
2.807e+03|1|130
8.633e+03|1|602
4.785e+03|1|700
4.642e+03|1|245
9.313e+03|1|466
2.651e+03|1|513
900.7|1|760
2.984e+03|1|222
5.976e+03|1|455
6.784e+03|1|902
4.233e+03|1|581
2.814e+03|1|957
1.241e+03|1|115
1.92e+03|1|212
2.825e+03|1|56
6.495e+03|1|76
4.784e+03|1|211
430.6|1|971
6.627e+03|1|515
2.333e+03|1|858
3.879e+03|1|734
3.751e+03|1|919
1.883e+03|1|103
1.852e+03|1|214
2.219e+03|1|856
3.401e+03|1|828
1.135e+03|1|724
1.87e+03|1|806
1.809e+03|1|33
643.4|1|970
977.8|1|501
1.628e+03|1|866
563.3|1|786
1.539e+03|1|296
1.46e+03|1|506
839.9|1|852
4.491e+03|1|276
4.688e+03|1|917
4.685e+03|1|490
2.089e+03|1|340
1.87e+03|1|736
2.11e+03|1|835
3.604e+03|1|498
4.586e+03|1|495
1.378e+03|1|993
1.002e+03|1|600
513.5|1|632
2.016e+03|1|380
678.4|1|66
5.995e+03|1|407
2.913e+03|1|794
4.029e+03|1|492
2.68e+03|1|650
5.841e+03|1|911
314.3|1|717
7.786e+03|1|476
212.5|1|13
1.124e+03|1|318
5.533e+03|1|621
1.22e+03|1|192
671.0|1|188
1.615e+03|1|431
5.715e+03|1|630
7.294e+03|1|877
536.4|1|121
6.072e+03|1|377
321.5|1|884
450.2|1|159
3.016e+03|1|692
1.297e+03|1|963
2.399e+03|1|674
6.552e+03|1|801
2.497e+03|1|452
670.4|1|766
1.452e+03|1|777
2.925e+03|1|35
3.476e+03|1|539
3.714e+03|1|855
2.742e+03|1|123
1.476e+03|1|753
1.901e+03|1|966
7.79e+03|1|668
1.182e+03|1|427
851.9|1|120
2.548e+03|1|429
2.919e+03|1|908
891.2|1|879
4.511e+03|1|194
2.078e+03|1|864
2.248e+03|1|673
1.658e+03|1|770
3.01e+03|1|313
1.53e+03|1|204
1.526e+03|1|842
2.672e+03|1|784
1.681e+03|1|988
2.754e+03|1|73
1.808e+03|1|601
3.53e+03|1|48
869.5|1|400
1.16e+03|1|451
571.8|1|8
5.397e+03|1|264
5.021e+03|1|541
5.447e+03|1|6
4.752e+03|1|85
565.1|1|598
308.7|1|595
4.291e+03|1|86
2.965e+03|1|225
2.146e+03|1|913
1.546e+03|1|247
6.705e+03|1|412
2.979e+03|1|205
3.362e+03|1|973
2.62e+03|1|977
794.2|1|482
4.738e+03|1|862
4.714e+03|1|148
1.585e+03|1|496
1.569e+03|1|368
7.449e+03|1|949
671.4|1|24
4.522e+03|1|445
4.2e+03|1|282
7.438e+03|1|176
4.318e+03|1|675
3.317e+03|1|350
2.488e+03|1|372
5.399e+03|1|542
5.05e+03|1|39
326.6|1|526
2.533e+03|1|444
339.3|1|580
2.993e+03|1|694
1.896e+03|1|740
8.213e+03|1|732
2.683e+03|1|663
2.859e+03|1|618
794.8|1|941
2.56e+03|1|867
1.756e+03|1|787
573.5|1|705
4.593e+03|1|920
5.499e+03|1|297
3.498e+03|1|53
540.9|1|22
5.195e+03|1|328
3.701e+03|1|733
6.764e+03|1|808
2.607e+03|1|960
818.2|1|408
788.1|1|54
2.197e+03|1|106
2.307e+03|1|669
2.5e+03|1|169
5.77e+03|1|272
670.1|1|981
8.272e+03|1|471
3.982e+03|1|535
3.372e+03|1|533
423.9|1|572
973.3|1|978
1.443e+03|1|574
7.452e+03|1|869
3.208e+03|1|653
5.857e+03|1|290
1.552e+03|1|12
6.291e+03|1|950
412.0|1|104
3.055e+03|1|224
2.902e+03|1|532
3.983e+03|1|778
6.891e+03|1|627
564.9|1|681
689.9|1|840
1.132e+03|1|984
5.33e+03|1|116
1.02e+03|1|575
8.223e+03|1|505
1.708e+03|1|762
3.98e+03|1|689
713.3|1|385
2.801e+03|1|804
5.777e+03|1|83
6.247e+03|1|914
3.324e+03|1|401
1.444e+03|1|750
1.999e+03|1|782
1.313e+03|1|578
2.045e+03|1|741
436.9|1|351
3.293e+03|1|939
581.2|1|299
6.014e+03|1|198
2.32e+03|1|585
3.675e+03|1|187
7.066e+03|1|638
2.277e+03|1|460
6.822e+03|1|129
2.394e+03|1|140
5.238e+03|1|979
1.192e+03|1|287
5.29e+03|1|62
851.1|1|304
2.483e+03|1|619
1.143e+03|1|207
7.398e+03|1|369
2.885e+03|1|571
1.931e+03|1|70
1.449e+03|1|502
4.673e+03|1|909
5.757e+03|1|568
1.592e+03|1|708
4.672e+03|1|573
1.25e+03|1|244
4.093e+03|1|405
974.0|1|613
4.084e+03|1|916
952.3|1|68
2.342e+03|1|819
1.744e+03|1|536
1.03e+03|1|821
2.997e+03|1|645
1.539e+03|1|254
2.724e+03|1|336
607.6|1|216
2.844e+03|1|772
770.7|1|3
3.116e+03|1|337
1.766e+03|1|754
2.757e+03|1|196
4.984e+03|1|599
6.013e+03|1|416
1.062e+03|1|371
6.691e+03|1|665
1.883e+03|1|379
269.9|1|84
7.415e+03|1|268
3.085e+03|1|931
1.055e+03|1|82
2.491e+03|1|108
3.135e+03|1|96
4.109e+03|1|367
900.7|1|721
2.403e+03|1|508
2.687e+03|1|484
1.553e+03|1|707
851.9|1|882
2.877e+03|1|258
4.366e+03|1|344
2.76e+03|1|711
2.722e+03|1|531
6.691e+03|1|270
2.632e+03|1|522
457.6|1|153
546.1|1|660
1.413e+03|1|589
2.983e+03|1|683
1.708e+03|1|428
1.949e+03|1|284
2.164e+03|1|25
5.651e+03|1|220
908.0|1|824
942.4|1|907
4.085e+03|1|49
3.439e+03|1|364
7.42e+03|1|376
2.156e+03|1|676
6.994e+03|1|157
1.605e+03|1|457
8.176e+03|1|320
6.514e+03|1|17
565.1|1|443
937.0|1|747
3.989e+03|1|41
5.948e+03|1|295
5.276e+03|1|991
797.5|1|374
2.837e+03|1|521
2.388e+03|1|321
1.617e+03|1|523
976.0|1|34
763.6|1|880
7.108e+03|1|702
6.82e+03|1|500
4.605e+03|1|221
5.676e+03|1|447
6.333e+03|1|936
1.575e+03|1|755
8.996e+03|1|893
1.233e+03|1|235
7.385e+03|1|203
955.3|1|873
3.627e+03|1|219
3.969e+03|1|240
1.868e+03|1|509
6.001e+03|1|738
3.498e+03|1|779
5.169e+03|1|851
6.714e+03|1|538
3.351e+03|1|670
854.5|1|525
993.0|1|900
1.014e+03|1|661
741.9|1|10
1.999e+03|1|175
731.7|1|813
4.392e+03|1|306
3.166e+03|1|791
1.525e+03|1|472
672.0|1|749
2.07e+03|1|737
2.549e+03|1|997
5.593e+03|1|759
913.9|1|980
599.8|1|903
997.2|1|274
1.236e+03|1|493
2.273e+03|1|584
651.6|1|277
382.6|1|850
1.157e+03|1|848
1.841e+03|1|11
5.053e+03|1|218
1.445e+03|1|684
2.888e+03|1|550
2.281e+03|1|763
4.516e+03|1|983
344.4|1|937
3.841e+03|1|757
1.39e+03|1|87
6.918e+03|1|748
5.616e+03|1|593
1.234e+03|1|383
1.759e+03|1|859
1.311e+03|1|143
1.498e+03|1|181
4.76e+03|1|894
1.534e+03|1|603
1.534e+03|1|478
2.002e+03|1|458
4.496e+03|1|387
975.7|1|223
2.72e+03|1|709
5.032e+03|1|42
6.031e+03|1|704
2.196e+03|1|406
1.806e+03|1|411
4.237e+03|1|161
2.598e+03|1|381
2.196e+03|1|1000
3.686e+03|1|816
1.682e+03|1|467
7.698e+03|1|442
5.479e+03|1|131
2.295e+03|1|193
4.635e+03|1|932
3.434e+03|1|118
1.69e+03|1|213
5.673e+03|1|349
694.5|1|956
677.1|1|725
475.6|1|325
1.434e+03|1|870
1.392e+03|1|934
811.8|1|929
3.079e+03|1|453
2.919e+03|1|975
7.571e+03|1|986
3.405e+03|1|339
3.366e+03|1|267
5.439e+03|1|945
3.219e+03|1|552
4.689e+03|1|504
6.697e+03|1|781
1.79e+03|1|758
1.013e+03|1|716
6.872e+03|1|399
2.066e+03|1|420
546.1|1|527
4.113e+03|1|77
3.378e+03|1|964
1.363e+03|1|201
2.114e+03|1|209
1.945e+03|1|58
5.65e+03|1|865
6.417e+03|1|625
1.553e+03|1|887
931.2|1|113
2.468e+03|1|799
3.03e+03|1|927
3.699e+03|1|388
2.484e+03|1|266
2.451e+03|1|976
4.93e+03|1|172
1.539e+03|1|837
1.035e+03|1|878
937.4|1|310
1.265e+03|1|928
6.249e+03|1|519
1.746e+03|1|278
989.5|1|608
1.378e+03|1|826
8.284e+03|1|549
1.515e+03|1|348
2.003e+03|1|743
3.998e+03|1|793
1.852e+03|1|558
5.643e+03|1|342
3.057e+03|1|805
6.407e+03|1|298
4.659e+03|1|206
1.355e+03|1|19
1.552e+03|1|729
4.632e+03|1|432
1.13e+03|1|479
5.151e+03|1|317
1.556e+03|1|854
8.858e+03|1|987
1.267e+03|1|149
1.344e+03|1|332
1.049e+03|1|373
2.009e+03|1|16
975.1|1|361
3.18e+03|1|173
504.4|1|260
1.773e+03|1|100
1.689e+03|1|529
3.15e+03|1|409
2.91e+03|1|486
225.1|1|807
2.129e+03|1|386
7.792e+03|1|897
3.841e+03|1|261
5.964e+03|1|378
946.4|1|384
2.397e+03|1|331
688.8|1|36
3.014e+03|1|597
6.593e+03|1|940
3.577e+03|1|78
4.442e+03|1|889
6.401e+03|1|210
4.15e+03|1|912
3.04e+03|1|564
2.628e+03|1|659
1.43e+03|1|947
2.042e+03|1|512
237.1|1|861
1.719e+03|1|79
2.122e+03|1|347
4.2e+03|1|992
1.919e+03|1|422
1.3e+03|1|610
3.532e+03|1|560
2.914e+03|1|30
1.212e+03|1|483
5.085e+03|1|117
1.798e+03|1|815
4.712e+03|1|132
916.6|1|967
2.828e+03|1|609
2.48e+03|1|307
3.77e+03|1|275
1.703e+03|1|186
3.472e+03|1|454
7.517e+03|1|517
5.535e+03|1|179
3.671e+03|1|20
2.048e+03|1|830
6.103e+03|1|363
1.993e+03|1|860
663.2|1|643
862.4|1|524
3.27e+03|1|190
6.698e+03|1|141
2.952e+03|1|182
3.975e+03|1|168
2.755e+03|1|80
3.127e+03|1|620
4.448e+03|1|333
1.067e+03|1|75
3.778e+03|1|730
1.085e+03|1|790
1.369e+03|1|955
2.878e+03|1|124
941.5|1|881
3.013e+03|1|63
8.885e+03|1|596
4.107e+03|1|631
2.677e+03|1|788
3.011e+03|1|629
1.019e+03|1|874
3.53e+03|1|811
1.156e+03|1|463
2.455e+03|1|944
850.8|1|998
3.134e+03|1|199
4.919e+03|1|477
6.135e+03|1|326
1.839e+03|1|166
7.342e+03|1|101
4.986e+03|1|612
5.604e+03|1|746
3.591e+03|1|958
910.3|1|594
1.17e+03|1|570
3.643e+03|1|871
1.634e+03|1|398
2.637e+03|1|271
2.885e+03|1|236
2.633e+03|1|690
337.3|1|838
4.559e+03|1|217
1.092e+03|1|394
4.158e+03|1|497
2.579e+03|1|923
6.898e+03|1|607
721.4|1|695
593.2|1|688
1.469e+03|1|961
4.788e+03|1|712
2.747e+03|1|703
5.79e+03|1|885
3.944e+03|1|953
3.405e+03|1|587
7.425e+03|1|951
2.66e+03|1|868
2.98e+03|1|812
763.8|1|853
2.04e+03|1|833
659.3|1|767
1.38e+03|1|335
784.6|1|514
1.686e+03|1|701
889.3|1|61
2.933e+03|1|617
3.954e+03|1|544
1.518e+03|1|739
418.0|1|933
4.718e+03|1|95
5.948e+03|1|886
5.191e+03|1|256
4.759e+03|1|720
2.605e+03|1|255
5.773e+03|1|499
524.3|1|857
2.94e+03|1|234
4.249e+03|1|424
2.197e+03|1|423
6.177e+03|1|402
3.399e+03|1|9
4.446e+03|1|802
2.686e+03|1|300
3.316e+03|1|989
4.526e+03|1|719
1.196e+03|1|397
1.719e+03|1|200
1.345e+03|1|191
2.915e+03|1|4
1.27e+03|1|494
1.161e+03|1|817
2.749e+03|1|582
2.653e+03|1|693
3.97e+03|1|836
790.9|1|288
1.241e+03|1|27
253.0|1|50
567.1|1|765
933.9|1|426
2.34e+03|1|257
5.831e+03|1|183
689.1|1|450
2.604e+03|1|888
1.91e+03|1|624
2.515e+03|1|430
2.144e+03|1|710
670.3|1|534
1.758e+03|1|392
2.916e+03|1|943
5.965e+03|1|745
1.203e+03|1|415
2.144e+03|1|47
1.341e+03|1|713
3.389e+03|1|449
5.496e+03|1|97
5.232e+03|1|962
558.1598527092015|0|308
324.47428585981356|0|586
195.85660947396633|0|662
893.5645928820934|0|301
809.6237285144439|0|87
883.1635427753854|0|464
338.6850709219169|0|641
422.48107853321636|0|152
162.2163772522332|0|543
851.401677760692|0|423
620.9748298349361|0|551
501.51987988320883|0|940
565.5867410553792|0|456
299.5587793350837|0|468
400.64256408754363|0|772
639.2419908674157|0|5
803.9190710658779|0|268
638.9249924560248|0|868
238.8843700811783|0|629
806.4473233473838|0|526
876.3181144128599|0|645
484.6592726225073|0|865
346.93378836098924|0|130
943.6888591521126|0|457
175.89129403518962|0|356
452.9300885455891|0|229
189.48446905772227|0|304
775.9662188423274|0|633
554.1697071368928|0|223
955.7686564967096|0|822
438.72336068845397|0|800
779.5065425615968|0|935
378.7295908240245|0|709
419.2819082074857|0|943
962.3416472090828|0|809
978.7350081433191|0|666
158.79620660794518|0|315
845.0172293803464|0|85
754.7122495951869|0|700
363.0910216142423|0|369
278.24539984005276|0|931
419.68785716966346|0|783
139.44888726571807|0|635
216.20378484332798|0|417
342.1488391086482|0|438
379.2029770199239|0|661
601.9613741723508|0|831
178.18196686851024|0|715
903.9159275293713|0|1000
407.2540659192706|0|585
309.6675523773148|0|787
735.2680447992753|0|581
566.9707445825022|0|482
537.070078110594|0|252
652.3077731397389|0|196
847.7894157578658|0|142
504.533739374899|0|575
932.7768018568664|0|721
753.7414301790747|0|705
695.1640167832091|0|175
941.6032891666206|0|458
749.262245038323|0|829
341.89883489571787|0|267
621.4248571829846|0|150
400.75577689763725|0|683
251.93707014868218|0|925
633.7129960093334|0|863
499.04357277162336|0|449
498.51339823916817|0|386
933.0648405905073|0|164
807.1815200405023|0|828
778.1357510279757|0|679
600.28899738707|0|776
443.4665059460343|0|712
192.3561706173786|0|792
195.34484374740725|0|442
709.391378951933|0|570
862.7279403805342|0|103
279.199326993553|0|43
761.553689532973|0|19
480.65283287192|0|163
289.29875570487184|0|242
238.84517521916993|0|485
649.8455858101701|0|649
625.3154298658696|0|573
293.60481304950605|0|340
510.8219902356094|0|352
655.8593774950781|0|724
163.32347239319392|0|76
598.2762923820671|0|862
328.1736279327064|0|515
269.40277754814167|0|916
372.74360980039285|0|37
476.62384649567093|0|559
777.7382727531319|0|971
869.732917825614|0|285
549.1205518511337|0|507
625.6215975113623|0|589
137.78027218926553|0|601
945.1248337971963|0|936
699.9556417484541|0|614
419.3700115154932|0|638
704.8776972693822|0|41
907.7353530701765|0|271
481.4709109934584|0|713
805.5307937261277|0|3
867.8421125500382|0|890
692.3327024105278|0|804
569.5497864674546|0|739
338.8453446399787|0|870
425.9846822212734|0|796
240.6892089797537|0|431
407.17709919662053|0|312
144.64233452928696|0|659
134.63751736765445|0|200
482.03853781816804|0|429
847.1321929164556|0|107
902.7199455971659|0|138
987.9953644182212|0|118
941.8828422133042|0|837
594.1606248444614|0|929
195.86765374473282|0|465
944.9032509358217|0|664
723.713990824825|0|225
595.4187900361645|0|46
560.8109562364314|0|209
573.9112714963198|0|966
249.4909832530324|0|634
499.21757240758313|0|498
208.64642812345446|0|565
597.2436270058763|0|374
408.1315506328727|0|991
980.6199229703558|0|965
789.3837980560581|0|621
830.3268357512192|0|838
337.2185827788634|0|707
191.47247853567313|0|231
465.8605799451386|0|860
921.5528281874812|0|15
161.2219914693645|0|525
647.9806015677398|0|263
205.3253051180243|0|632
947.2174408971878|0|685
609.3623225401241|0|656
751.123027850066|0|520
422.35917300517036|0|554
447.6794250664256|0|334
952.7072965982873|0|378
534.5570303426919|0|182
387.7638568644164|0|622
287.23125076642015|0|592
846.1748187922045|0|97
678.7112120108529|0|678
798.0896363104234|0|463
319.93045383805884|0|527
632.4475716003005|0|153
656.1907306534962|0|446
360.37973848711715|0|864
469.87232869720617|0|395
594.1035538799676|0|81
220.09182050918233|0|112
370.1186219190381|0|848
467.3198494785275|0|221
207.38808242374753|0|494
816.4959084222496|0|490
427.8355731926215|0|74
986.3098198309622|0|751
179.69581232253023|0|47
714.2521242650682|0|257
444.14553646201534|0|71
635.0656965406292|0|269
803.2490766346887|0|478
820.0144967358294|0|797
908.3987206828327|0|270
627.6151357311876|0|371
361.96171007769817|0|487
509.49832104901304|0|357
644.1207581442615|0|985
721.363212096519|0|13
838.2962421251444|0|578
557.7388228455725|0|211
478.4091376571684|0|736
407.3176377867662|0|920
441.9059745493543|0|148
813.956598637579|0|597
209.09207570367073|0|250
662.5793689837917|0|941
441.60764079704154|0|915
657.1819997593929|0|441
152.43646595541526|0|169
206.52570252510284|0|847
919.1134229100777|0|964
598.945912472484|0|981
994.0077074825026|0|39
676.4781263718284|0|989
813.2187174070677|0|593
295.2225240077436|0|564
232.57681921502788|0|331
772.7621345095026|0|598
580.2729430555845|0|235
804.290823554158|0|461
280.4139335206039|0|752
334.857340094931|0|139
828.313365984885|0|251
460.2259811797709|0|949
609.9957545234954|0|469
627.2861518075625|0|159
876.3583198678665|0|203
813.251542656733|0|961
353.90209356809464|0|528
708.6873685936613|0|811
980.1939039582426|0|742
144.07910046253073|0|10
661.9575116579265|0|119
389.93832779523|0|599
704.2387922022625|0|600
332.4161850995222|0|400
468.50174439178204|0|674
888.6714188022514|0|986
295.05072209276454|0|318
928.219560954054|0|995
483.038529876278|0|596
231.96492156145138|0|945
392.40160481500675|0|220
579.540336578844|0|448
764.4773682685328|0|359
645.3994823423619|0|714
919.4505605365422|0|38
186.29100548830732|0|695
307.50739736394684|0|450
702.0662145193944|0|900
650.0246997268014|0|505
923.9865177047229|0|877
974.3454943250161|0|823
359.1121979826854|0|265
852.1793344622369|0|198
844.4618551837402|0|759
671.5035583178034|0|277
813.5793256469842|0|23
587.8160246244219|0|657
217.03642936629564|0|933
776.3628291496132|0|453
661.6625386465769|0|948
256.1717105127577|0|997
185.3017871896848|0|513
380.86119968652963|0|95
844.2855866867263|0|688
128.46385524286603|0|522
977.4601242000559|0|213
653.347792922538|0|671
854.547636973793|0|701
135.9223865437533|0|88
951.8060174840663|0|536
680.6218161908103|0|917
551.6374393267556|0|545
831.1375463110681|0|127
317.464723149483|0|781
503.9861987976447|0|963
885.3543595327081|0|72
530.9300630273303|0|101
680.299397201801|0|62
150.97364084643954|0|293
707.4171868246652|0|896
470.64194877986154|0|302
929.3907397020685|0|508
985.126572982022|0|122
544.8166836702312|0|770
506.36867566512154|0|744
506.8223109666055|0|891
852.1244745827687|0|760
515.1568450171828|0|895
901.5713210851142|0|309
256.5744790397062|0|660
849.8212164558528|0|430
634.401499811812|0|399
658.2896071886042|0|350
461.6264700869357|0|217
547.2689144939833|0|859
871.1771257008581|0|370
376.42749414591594|0|40
558.8505697215303|0|784
920.6488489937831|0|256
872.5442278374675|0|806
345.3525825284221|0|44
456.3590007572946|0|375
869.5299954555201|0|510
556.9351356136036|0|648
962.0973410066391|0|391
356.36332569064274|0|337
713.7170907479286|0|642
813.595440601847|0|549
719.5033681836942|0|500
688.8195813309853|0|557
247.81262148886876|0|58
276.122130327391|0|502
766.0102114425398|0|646
218.45532206143235|0|488
419.60364822074433|0|588
491.0379666510059|0|818
165.00844025632276|0|969
716.8116689027238|0|786
762.7055265347824|0|514
579.3312725381604|0|228
333.95427859988513|0|207
921.8634846763937|0|444
522.5024186427211|0|322
247.5047153149659|0|620
943.2421475880303|0|398
136.10782311608685|0|665
120.24253794701676|0|762
952.5355436837242|0|702
278.2777054597127|0|321
230.11328791880015|0|584
425.3816808517605|0|835
731.042481494763|0|845
293.5024388553062|0|300
628.9682339236585|0|385
816.9055020865633|0|276
581.7330045864167|0|383
573.9200274705404|0|774
462.3615792467517|0|145
586.6480332310216|0|262
849.3174274821839|0|905
345.45456545462247|0|313
304.6866597145905|0|538
243.65023543788064|0|281
476.594634566737|0|459
850.9085169739335|0|594
546.6088425728603|0|278
842.7777907081829|0|580
809.6447498336682|0|556
305.1905222566918|0|232
531.2847469053014|0|686
723.9399689706894|0|233
916.5063630717368|0|977
973.125714053234|0|952
707.3250683025938|0|425
625.6546551439028|0|415
645.4167683815244|0|504
576.2140425656526|0|930
160.95173332533057|0|440
779.5056935120062|0|245
170.44744555203638|0|909
426.5880554056469|0|887
846.0189924525746|0|692
217.6420010437037|0|903
313.7530113080451|0|546
846.8346340401|0|553
405.1089154141496|0|795
338.28871402115755|0|970
244.88836091947582|0|197
795.3345812867263|0|48
136.37038659729015|0|972
823.6008756225026|0|160
439.46416182305387|0|801
751.4070020854568|0|726
808.2292473075123|0|102
191.95602272388908|0|631
211.8166159541047|0|390
483.917896632142|0|954
756.4578776753585|0|140
840.4307803153598|0|841
322.3768718318163|0|974
424.44667868815696|0|532
775.5553061735154|0|241
684.5764252059868|0|496
144.2435102163978|0|710
735.8199936628312|0|92
617.2219411464378|0|51
339.40742881520697|0|947
636.2944979011442|0|319
965.288789476454|0|789
188.92617613063206|0|511
479.7339101249254|0|853
522.8518085341532|0|833
835.6972737989662|0|409
733.9962939294941|0|9
616.8903046995633|0|934
425.0309626067414|0|90
341.6191719365488|0|353
877.7578530864666|0|857
742.1477242650433|0|590
265.0115666691945|0|131
866.8571225967188|0|141
780.2232521691141|0|16
536.0842214246045|0|166
720.8422966496237|0|910
856.9894163054761|0|191
772.1096417413139|0|310
613.255446097606|0|512
384.30080672388266|0|299
741.9872457985091|0|234
456.1818750655975|0|618
808.0606743249101|0|775
857.9616725982429|0|255
499.11044278325727|0|993
530.751666625194|0|566
708.213747210841|0|108
801.3798093008676|0|230
971.5959695201877|0|684
628.3065343520391|0|758
575.0487257760522|0|288
752.9696538397881|0|181
873.2361631947789|0|873
779.3106438954517|0|939
228.892730070861|0|316
394.62102051009225|0|484
801.0140541337578|0|346
917.7508345999969|0|563
922.9964832827607|0|819
397.7733003262227|0|716
256.28949020773956|0|606
897.2683365784899|0|104
157.86611929278325|0|406
909.3238494977835|0|735
717.7425525767105|0|788
345.1987257774195|0|411
938.7216309687282|0|489
962.5394277142088|0|747
542.5531957239714|0|779
760.6268560932363|0|195
883.0948683381721|0|932
282.1048915239053|0|493
302.18514406268133|0|729
504.49622180471783|0|869
590.4551381639042|0|764
184.24350608651804|0|236
822.0433907530578|0|998
774.0688131522875|0|914
847.9797820491873|0|740
933.3897633960216|0|366
123.34271471790994|0|651
199.45835301670277|0|855
216.3978276506905|0|477
763.3821962762518|0|327
560.7180430031442|0|408
824.7892717553271|0|773
942.7496669637254|0|904
584.0249968548577|0|126
169.56209771069342|0|466
156.777049125147|0|577
548.3695474923529|0|7
265.1920337643488|0|576
406.93912834926516|0|839
631.0172956524341|0|696
848.1614014395443|0|144
472.61929096100846|0|990
917.5909569800298|0|307
215.77614481230057|0|52
557.378204674591|0|499
261.85129249624913|0|279
155.56748648054133|0|273
318.0720147704928|0|54
536.3655163373649|0|376
690.1595738717664|0|379
546.0611838056334|0|836
592.6549714592096|0|541
262.00457980848444|0|813
735.6373093467353|0|732
610.959980481679|0|289
974.7139299152594|0|479
910.9226553000698|0|404
492.7840687536109|0|392
747.2090811695151|0|953
599.5954929665508|0|21
310.54032732860344|0|698
948.2994773791531|0|734
793.3137792660099|0|178
348.8368101018568|0|344
232.09984621487274|0|805
662.8933946765117|0|615
599.4838755355348|0|699
693.360858924574|0|132
940.7766365254962|0|61
997.0998847536091|0|982
602.984538201996|0|253
306.7520752367367|0|540
801.740091898611|0|647
243.36299054476012|0|780
357.0764176938433|0|769
840.865752700519|0|96
998.2549538557452|0|908
724.1723854877089|0|704
557.0559139534557|0|295
284.4317471298448|0|156
373.8735102801715|0|913
931.3821811360956|0|212
277.686384009473|0|535
551.4460198237539|0|738
569.8902432558331|0|12
529.1211041744535|0|365
546.1950085979463|0|976
302.4029024242525|0|50
925.8876419878807|0|476
235.37117800196302|0|886
689.4662741126609|0|521
513.8597811597922|0|928
180.42565669523208|0|743
908.7786953547496|0|844
725.6478698811833|0|812
364.128030617568|0|495
196.50637694964945|0|55
132.8261225409566|0|248
565.2287326991345|0|624
637.589612280636|0|355
260.6876815757421|0|817
408.48835663631075|0|703
196.23001384322384|0|912
607.5485491760812|0|34
402.66949387356317|0|4
577.7066583239182|0|64
855.5594411313541|0|644
130.15598306677032|0|663
391.1838058849084|0|168
878.8113313410723|0|607
461.0178241101718|0|249
619.768617771989|0|673
593.1351918214709|0|291
921.8059046833524|0|190
171.39020224465253|0|382
503.81541454410126|0|434
423.6286724448294|0|885
913.2628943787302|0|531
828.14159133705|0|957
888.8589994887068|0|222
684.1173616186367|0|483
154.9407492962441|0|548
483.9716726054492|0|436
699.034344186302|0|354
860.011017780946|0|339
831.299523015714|0|275
321.07502647352743|0|675
719.0650896267429|0|619
623.112290442044|0|727
287.63036946323695|0|31
889.2160468993886|0|694
517.2378135969111|0|329
319.03760146036234|0|358
799.385204082964|0|753
701.409461298901|0|287
636.9695780429498|0|49
236.74885715904173|0|723
212.17044449198346|0|757
215.04847902468248|0|29
555.4576346907577|0|973
547.0503136724899|0|297
602.0431113750717|0|867
486.7166646224377|0|405
538.6260881180631|0|414
916.1466509053707|0|561
148.08514158005306|0|658
878.7946281264061|0|754
498.1036978477511|0|135
594.6391227309962|0|418
569.6493247592787|0|623
426.95039751978|0|834
570.0594092515828|0|187
233.57400308983208|0|149
937.7429089678095|0|70
233.9504802690385|0|882
729.7051180591734|0|706
902.4679664026983|0|124
818.4291608759345|0|246
494.7575680481918|0|121
561.0931560123558|0|67
396.7203241619939|0|326
433.67729615601866|0|874
363.47432356610943|0|194
349.98294098335805|0|401
237.59106605438419|0|201
514.6217746084376|0|728
390.2781411571494|0|906
878.3708906178472|0|480
993.6032864905717|0|880
702.2032854954317|0|125
697.2725654651427|0|506
821.2215310475696|0|944
769.9807282258067|0|170
535.7792919023898|0|803
888.7639244357133|0|983
153.3685126048221|0|17
399.66936834224856|0|899
644.7427675339497|0|266
655.4363591207735|0|35
170.261359638918|0|114
806.7576575104443|0|410
806.8489492874298|0|871
133.2488708440694|0|603
511.29819846801706|0|208
512.4554656323982|0|720
688.6788635172695|0|798
754.4888811324262|0|718
436.4908688973404|0|768
471.4591720159957|0|151
899.465177253468|0|533
580.1227557337036|0|360
861.4952502071706|0|919
282.5258260062096|0|677
266.4500173366921|0|347
790.4248034200654|0|911
977.4545861384505|0|821
735.9930557283218|0|227
258.25795441963203|0|445
124.3888793979603|0|158
408.13809519784206|0|247
878.4273663481692|0|171
263.61507495392914|0|243
378.64958952796445|0|591
554.0225977373616|0|367
393.45555987951974|0|637
240.46071348962977|0|617
157.70618376354216|0|568
402.3917359135412|0|777
591.1994323161905|0|529
518.178182786364|0|424
212.7463800431897|0|362
550.4569514126193|0|530
743.9856346814518|0|407
739.7613608270284|0|388
520.7523061208365|0|36
931.4852289063139|0|473
600.6531454085152|0|239
866.0019735690747|0|324
717.6300248783206|0|69
360.1464985121987|0|330
396.5709392917912|0|447
416.86175908652416|0|162
122.19392663231937|0|497
683.6551115515853|0|892
426.52242410628384|0|428
211.7915581601681|0|8
996.0787142541185|0|708
502.44354247998314|0|519
985.7816281616049|0|349
124.58324848012711|0|748
491.87545008295035|0|471
416.59961098607175|0|11
776.1461820268638|0|650
131.33314994095525|0|616
859.3336184456639|0|799
345.01732465202974|0|89
949.8807323384796|0|184
349.41842547076294|0|897
527.5256018015193|0|609
252.7095915592744|0|419
297.2640048710978|0|325
635.2274468219568|0|467
155.2146488933863|0|793
788.5312177402765|0|24
753.8603631292056|0|856
748.6917561916089|0|336
379.18649886886925|0|680
172.91997087426233|0|849
368.31493145364544|0|32
328.55173202049957|0|509
314.4401730721961|0|317
393.8025015357821|0|689
244.23193704715828|0|402
621.7926654338121|0|83
176.5932315197531|0|996
269.618778434574|0|842
784.1988989797329|0|697
214.55649865704999|0|110
475.0667269219279|0|807
781.4400745391104|0|73
636.708549037842|0|750
305.5538135931728|0|719
946.0746622791806|0|99
812.8386091638099|0|396
638.0049745083999|0|224
539.6927986982719|0|361
344.0377736780506|0|176
947.1349422345893|0|832
469.64923871357297|0|763
679.5252685558607|0|782
206.90414600018784|0|364
363.19730236754344|0|53
811.0670221776362|0|725
780.307719004237|0|65
498.90411687227044|0|66
631.8310009086034|0|690
909.6608192572148|0|280
224.56440134204567|0|20
669.15917292605|0|68
766.0916992221427|0|91
498.1730635525141|0|240
995.5597976448943|0|654
820.8782112779526|0|437
175.62312055485845|0|94
994.55622003887|0|978
137.32688863893986|0|955
452.73627509767783|0|790
405.15139306550964|0|109
264.0374165111631|0|627
700.2953966703232|0|335
618.0865375833621|0|372
637.679047463625|0|105
789.6379638852408|0|676
200.57877566932086|0|517
807.3954176061326|0|778
584.2200994764543|0|810
393.5285251833903|0|612
825.1141014165123|0|923
756.7773202795839|0|756
346.3694017483766|0|106
933.837201025817|0|717
848.9707077606263|0|155
584.4249655351146|0|28
379.1297717876966|0|204
234.08815300955402|0|421
153.34814309678285|0|6
792.1350512427516|0|342
125.9965779818548|0|902
895.1748789969469|0|115
529.5661951311811|0|852
129.61415248570069|0|846
869.1482352430488|0|879
471.71915236214005|0|571
665.4313574881447|0|254
909.3658217021119|0|244
283.4605525238647|0|625
388.1422634737138|0|412
277.7283933863589|0|922
153.85334340335615|0|501
558.656855576002|0|604
164.7084433636045|0|403
201.5374713919706|0|475
256.23787219712585|0|173
611.5198030872812|0|433
703.9936718894593|0|555
806.9616598755412|0|802
152.3670848513945|0|486
432.91364792949327|0|298
696.7162206402436|0|950
533.0862889891697|0|146
152.6787313992861|0|681
358.9228577280401|0|143
444.66559871999857|0|830
954.8747664842778|0|462
565.4675877217704|0|550
301.9871414741667|0|711
250.96443123792312|0|161
813.5598076854571|0|333
727.4658704951032|0|413
191.5055429923981|0|547
318.1487342085861|0|861
408.60263261490303|0|946
713.9772375846846|0|820
559.6257908514766|0|439
913.8366265813331|0|687
379.1834818416645|0|894
937.7350358505232|0|117
525.2234899192438|0|455
416.98348384487525|0|755
302.4743799315088|0|167
334.1100226776848|0|79
320.6240594670377|0|218
693.1593197984079|0|630
694.1155256892007|0|693
844.2804235911551|0|552
585.396494991488|0|669
762.9373887500917|0|569
299.49564017748173|0|746
650.1695098144539|0|174
589.5717363729432|0|605
646.4458182206338|0|188
189.59681926485365|0|274
819.5645486084935|0|572
833.3667207209861|0|866
577.7080085355494|0|443
930.4785576718659|0|731
646.9500614124863|0|730
293.6821423945729|0|165
996.6540973384859|0|626
241.43688257204843|0|595
327.47274107779026|0|26
303.7224011511431|0|193
877.7491874272167|0|82
531.7917410795785|0|999
786.0401657899876|0|926
138.4174148357361|0|558
755.3198323090969|0|363
593.9180516672234|0|741
912.3998358584265|0|214
907.188201275506|0|237
797.2268172788166|0|186
546.8188641387251|0|655
477.86738269767665|0|380
346.99858799155106|0|332
266.4562621275938|0|384
127.0477626978847|0|283
754.517802643007|0|60
623.6769621931548|0|722
123.52001258929043|0|98
209.93141698627488|0|157
686.8003750469185|0|123
410.5910960208432|0|544
141.60403714819967|0|30
566.2432749591828|0|393
566.5679714354244|0|523
367.5518294468177|0|111
895.6251816229915|0|84
294.83075518688685|0|80
576.103492864476|0|416
546.6243587201132|0|876
883.7262712036552|0|351
519.8840427625795|0|373
497.1065523489239|0|272
299.8089425561735|0|451
602.6285255289681|0|432
317.7361430442666|0|147
677.8338638818224|0|794
870.7459673493206|0|210
306.0007009244623|0|927
526.1506626794009|0|120
647.2557878841263|0|314
278.9059408641942|0|282
985.8080502927423|0|872
714.4099649280813|0|582
546.256058866563|0|185
654.4438449447048|0|958
477.92229796627794|0|851
999.5309128445513|0|979
454.4113138890503|0|460
364.9466459400535|0|816
424.7764784961535|0|888
805.8917598301229|0|962
191.56012175063182|0|205
851.2496870120876|0|766
364.78555277699365|0|968
395.14009272392923|0|567
986.2623583449362|0|129
207.44132297915354|0|652
382.7176192263771|0|587
427.0163903484839|0|574
946.866500378656|0|258
786.4293147292706|0|608
756.1120873837289|0|341
195.55965996199205|0|667
557.0188626900127|0|672
750.5197647048101|0|345
961.298930751362|0|381
183.90163676315672|0|994
861.9221831450561|0|937
156.32113211370444|0|328
779.5919236140483|0|542
863.3745085388508|0|177
208.77880066877503|0|113
359.57845617080875|0|290
764.670607004081|0|984
839.4394306575973|0|613
866.4687402214528|0|93
608.0326084555317|0|348
204.8877906923314|0|284
436.2818075040744|0|951
854.4254186085633|0|387
511.34858077647937|0|491
786.973150404894|0|294
298.6101835812851|0|901
959.6812658073496|0|516
853.8406643170202|0|183
493.8484101625779|0|826
649.0160602118106|0|682
450.63343497135475|0|18
945.4622008362777|0|959
653.5254608256107|0|560
351.4195304008568|0|643
367.783983199839|0|850
933.271911221329|0|814
727.4206632121304|0|133
208.02845613895175|0|893
987.8006857674212|0|389
834.7749490034398|0|377
267.92535958799965|0|474
708.0127837740865|0|435
307.57821743466366|0|881
651.3779527855779|0|27
554.4007950897612|0|938
924.3912678448364|0|137
314.02197814949955|0|858
982.2108443806345|0|883
489.59036971021163|0|134
121.94746917388231|0|22
239.79914382917673|0|2
529.8744187814061|0|761
143.85579205591768|0|179
711.202716278798|0|154
166.1814762069656|0|640
683.5402928073911|0|264
298.9980983704478|0|75
421.09849634630876|0|824
455.7108025291654|0|306
554.0673263810221|0|303
127.37539239669033|0|745
468.21424138304417|0|454
852.9091454436087|0|1
609.8019413718548|0|503
403.08746317586576|0|628
979.8121839153926|0|583
291.1158039407618|0|296
423.72346432023846|0|323
861.2531834116877|0|602
599.9850692648565|0|492
293.2731864535367|0|918
589.3942562159224|0|815
462.8819353438094|0|884
544.9546919917291|0|840
177.248925197421|0|791
565.2289816202758|0|343
813.8443603776196|0|238
985.0367218545942|0|653
757.8759407272253|0|63
619.5484567983108|0|639
503.9523622610799|0|216
994.6405898378371|0|77
217.30224597821388|0|636
658.4418155204216|0|426
857.0597295784062|0|422
737.1998816093034|0|33
791.9831550728945|0|610
418.8585037770057|0|470
877.1744635469278|0|975
726.7333637392363|0|960
821.2633956310417|0|980
739.9106568905947|0|42
229.97005450565769|0|368
718.0354926802199|0|14
836.8249335339392|0|202
693.6993886254892|0|524
534.1103930474854|0|472
873.6973306800915|0|206
828.1631653602129|0|192
868.686553514102|0|452
401.2365937359597|0|924
891.3986192843633|0|420
218.22259542556793|0|518
151.78917845567727|0|100
710.4084029584957|0|78
499.2728040008249|0|827
566.2526131741098|0|128
724.0929769382982|0|825
218.44513702440082|0|854
629.5302257360606|0|45
771.3031619924093|0|737
589.5543430425626|0|670
205.12617566447486|0|771
479.45267465457664|0|397
304.7019445989496|0|988
686.5362375587326|0|172
284.8940118141396|0|215
398.35155705275747|0|785
693.0908556616599|0|765
535.4501878094637|0|942
987.8301826125632|0|59
911.0925890492593|0|579
653.8306348450573|0|987
320.9076143260658|0|286
916.508521392869|0|180
442.0717290681403|0|305
339.49070871197875|0|967
460.17277587366925|0|259
627.5513229589731|0|956
140.4767077816054|0|260
852.051728803032|0|733
503.8822942462814|0|668
941.2380415537018|0|199
653.5386080164393|0|226
927.963321749783|0|338
190.22330681185787|0|320
647.5971938444678|0|808
148.91509517383736|0|311
489.7063779284863|0|57
775.8120470533596|0|261
900.6154463032327|0|992
299.03234314396815|0|875
183.90024499778553|0|25
255.34341600906401|0|767
200.57593036582927|0|537
671.1850754754312|0|562
800.4314989160517|0|116
413.1518969957657|0|86
951.1093190928069|0|921
279.94026547465586|0|56
851.141218870636|0|189
363.32556591478476|0|843
958.7771644312324|0|427
707.4443789567073|0|136
477.6887069523394|0|878
543.6955818477026|0|394
950.5081902268001|0|898
928.155056095687|0|534
673.9944508930032|0|749
495.28088464723425|0|889
487.83453755135906|0|691
425.72475183253175|0|292
338.80947227378|0|611
706.8628473931582|0|539
464.6438922812839|0|219
681.0963488154108|0|907
980.9231986744031|0|481
