924.4|1821.1|896.7|26.41|4351.4|5|08.12.2002|1|72
453.1|657.02|203.9|23.46|541.34|3|03.05.2017|2|110
791.5|1266.3|474.9|44.09|1292.3|3|02.07.1982|3|30
788.5|1332.5|544.1|24.28|1559.3|3|06.11.2013|4|775
557.7|1020.6|462.9|44.93|417.97|1|14.06.2018|5|310
785.9|1336.1|550.1|17.27|2664.4|5|16.07.2011|6|587
747.5|1158.6|411.1|23.35|1163.3|3|06.05.1996|7|487
695.1|1063.5|368.4|34.26|1002.5|3|25.11.2016|8|848
913.1|1506.5|593.5|16.98|1729.5|3|29.10.1995|9|153
230.3|458.28|228.0|39.89|376.2|2|27.10.1998|10|403
858.3|1441.9|583.6|19.77|2255.4|4|11.07.1986|11|375
296.2|536.15|239.9|15.42|224.51|1|21.10.1986|12|9
719.6|1259.3|539.7|17.16|522.54|1|16.11.1970|13|219
510.5|995.47|485.0|42.63|2211.7|5|01.11.2019|14|459
225.5|423.94|198.4|45.93|152.51|1|08.04.2018|15|450
306.8|579.88|273.1|39.53|700.6|3|20.04.2021|16|634
329.0|592.19|263.2|11.26|1007.7|4|06.03.2021|17|786
666.1|972.45|306.4|29.12|1386.3|5|16.02.2020|18|806
440.7|876.91|436.2|41.28|1974.8|5|21.09.1999|19|269
426.7|661.45|234.7|11.48|446.46|2|05.08.2003|20|153
709.7|1376.9|667.1|35.89|1262.5|2|13.12.2019|21|473
840.7|1588.9|748.2|25.7|1445.1|2|20.08.2012|22|946
189.4|316.29|126.9|36.45|90.445|1|04.10.1980|23|851
698.2|1089.2|391.0|28.51|1450.0|4|22.01.1981|24|460
667.5|1161.4|493.9|42.86|1353.2|3|17.09.2016|25|666
409.8|663.85|254.1|49.34|204.73|1|06.05.1981|26|837
553.2|863.06|309.8|43.37|799.33|3|26.02.2003|27|338
759.5|1488.6|729.1|42.5|686.63|1|14.01.2009|28|742
578.7|983.87|405.1|41.89|1453.0|4|09.01.2004|29|279
139.7|213.73|74.04|20.62|213.68|4|08.03.2005|30|605
268.9|478.58|209.7|43.37|166.35|1|20.06.1979|31|732
754.0|1447.8|693.7|32.78|1321.9|2|15.09.2008|32|611
494.1|839.97|345.9|29.94|1579.7|5|10.10.2013|33|18
331.2|619.36|288.2|20.99|267.16|1|30.08.2020|34|543
814.5|1164.8|350.2|32.06|318.19|1|14.12.2012|35|524
333.7|657.42|323.7|19.38|1521.6|5|18.12.2017|36|818
500.5|760.75|260.3|19.2|964.22|4|12.06.1995|37|823
977.2|1856.6|879.5|32.55|1693.8|2|20.12.1993|38|778
123.4|219.69|96.27|16.26|160.02|2|08.09.2006|39|339
506.0|799.55|293.5|13.46|840.13|3|07.05.1976|40|211
459.6|799.65|340.1|14.35|1302.9|4|19.10.2001|41|134
353.9|513.14|159.2|34.18|250.14|2|29.03.1988|42|705
329.6|497.62|168.1|46.17|365.71|3|01.09.2014|43|421
872.0|1639.4|767.4|11.58|755.78|1|08.02.1988|44|86
897.8|1661.0|763.2|29.14|734.03|1|03.09.2002|45|844
318.9|605.97|287.0|39.05|743.97|3|05.12.1989|46|143
880.3|1399.6|519.4|23.8|2477.8|5|02.05.2004|47|1
444.5|729.0|284.5|22.13|262.36|1|30.09.1981|48|204
503.6|725.2|221.6|19.21|404.75|2|06.01.1990|49|511
922.8|1707.2|784.4|43.64|3703.8|5|20.09.1994|50|499
852.4|1474.7|622.3|17.45|604.8|1|05.10.2004|51|606
581.6|895.67|314.1|32.36|845.12|3|11.07.2018|52|869
536.8|842.71|306.0|42.84|526.23|2|21.07.1974|53|619
997.6|1576.2|578.6|12.7|1131.8|2|22.12.1986|54|826
444.9|858.59|413.7|25.65|1552.3|4|18.12.1997|55|344
183.5|308.25|124.8|14.55|551.1|5|13.11.2018|56|80
260.0|499.21|239.2|29.45|629.28|3|04.06.1975|57|994
606.9|1171.4|564.4|10.58|1107.7|2|24.06.1995|58|706
283.8|536.42|252.6|41.43|211.17|1|26.10.2011|59|195
924.8|1451.9|527.1|44.72|964.78|2|16.10.1971|60|169
374.6|599.43|224.8|14.63|630.46|3|31.07.1991|61|904
257.4|422.09|164.7|15.34|298.75|2|13.07.1978|62|257
134.2|253.64|119.4|12.78|319.97|3|25.03.2016|63|41
195.8|352.39|156.6|29.15|509.87|4|19.07.1987|64|679
873.9|1503.1|629.2|25.39|3019.2|5|13.01.1975|65|617
663.1|1200.3|537.1|30.77|1519.1|3|09.01.2019|66|382
381.7|748.18|366.5|17.57|1395.6|4|22.01.1996|67|52
289.1|549.35|260.2|39.62|882.4|4|11.08.1982|68|717
152.4|237.78|85.36|32.11|106.5|2|03.11.2020|69|612
679.6|1196.0|516.5|24.7|983.53|2|05.01.2011|70|60
738.1|1055.5|317.4|44.98|272.41|1|09.01.1990|71|199
475.3|784.32|309.0|47.82|522.3|2|14.12.2003|72|626
871.6|1298.7|427.1|16.4|410.69|1|15.07.1977|73|334
848.4|1289.6|441.2|29.49|823.39|2|13.05.1997|74|912
767.2|1127.8|360.6|21.5|339.09|1|27.01.2001|75|230
952.1|1847.1|895.0|43.37|3406.4|4|29.09.2012|76|447
710.0|1150.2|440.2|28.5|1646.8|4|27.11.2002|77|490
193.2|374.85|181.6|25.79|779.17|5|05.12.2006|78|149
224.9|355.28|130.4|18.47|223.9|2|25.08.1971|79|607
266.1|516.23|250.1|13.47|946.62|4|22.09.1991|80|184
596.3|924.26|328.0|13.24|944.17|3|28.02.2004|81|40
718.7|1308.0|589.3|40.78|2194.1|4|08.08.1996|82|735
481.2|702.61|221.4|15.33|1030.2|5|06.02.1984|83|144
364.9|583.8|218.9|34.07|184.85|1|10.02.1990|84|721
731.8|1068.4|336.6|32.04|913.71|3|17.11.2007|85|387
651.7|1290.3|638.7|35.82|1808.5|3|31.03.1986|86|159
896.2|1586.4|690.1|28.54|2646.3|4|12.03.2003|87|968
314.5|465.43|151.0|46.72|416.93|4|27.12.1977|88|565
482.5|882.95|400.5|48.94|1757.6|5|16.03.1996|89|973
226.9|410.69|183.8|11.82|687.86|4|28.11.1989|90|337
788.6|1285.4|496.8|29.21|1870.5|4|31.01.2021|91|718
854.3|1537.8|683.5|48.64|1904.5|3|16.02.1977|92|441
534.4|924.57|390.1|19.99|1110.4|3|26.01.1973|93|977
715.5|1123.3|407.8|14.13|1968.5|5|14.05.1979|94|850
587.9|1117.0|529.1|15.27|1541.5|3|29.04.2003|95|473
413.6|827.23|413.6|32.71|761.82|2|01.10.1972|96|301
224.6|442.54|217.9|40.91|176.99|1|17.04.1987|97|899
915.0|1509.7|594.7|42.74|1655.9|3|14.04.1985|98|169
494.5|944.55|450.0|21.71|428.31|1|21.04.2003|99|19
141.4|223.45|82.03|43.23|155.19|4|06.11.2003|100|614
929.9|1664.5|734.6|35.76|2096.5|3|21.10.2013|101|464
930.8|1656.8|726.0|26.81|2097.6|3|01.02.1978|102|276
194.4|338.21|143.8|19.05|499.13|4|17.05.2020|103|314
923.1|1477.0|553.9|36.95|516.92|1|03.06.2019|104|189
696.0|1044.0|348.0|36.59|934.25|3|17.10.1988|105|766
472.5|897.83|425.3|18.55|813.46|2|26.02.1996|106|430
240.3|439.73|199.4|14.13|926.57|5|03.01.2012|107|547
353.1|617.86|264.8|44.81|219.98|1|20.01.2010|108|905
265.3|429.76|164.5|49.8|344.02|3|30.08.1975|109|334
634.3|1192.4|558.2|19.83|538.34|1|27.10.1990|110|551
401.9|655.06|253.2|35.03|654.45|3|01.05.1991|111|379
315.4|561.43|246.0|36.55|1047.4|5|08.07.2021|112|651
709.5|1383.6|674.1|47.89|626.17|1|02.05.1979|113|274
194.4|338.21|143.8|27.6|464.93|4|15.03.2022|114|314
680.1|972.58|292.5|17.37|275.08|1|17.12.1994|115|876
749.0|1363.1|614.2|20.01|2376.6|4|10.11.1977|116|235
433.1|861.83|428.7|43.69|1925.3|5|30.11.1993|117|942
630.6|1135.0|504.4|25.92|957.05|2|16.10.2003|118|197
170.4|265.76|95.4|10.42|339.91|4|11.06.2001|119|246
422.5|692.95|270.4|45.73|224.69|1|30.07.1995|120|837
361.1|682.49|321.4|15.23|1530.8|5|14.10.2004|121|756
735.6|1272.6|537.0|10.21|526.8|1|12.06.2015|122|900
851.9|1363.0|511.1|29.85|1443.9|3|03.12.1995|123|990
420.3|718.74|298.4|40.23|516.39|2|31.03.1986|124|829
413.6|670.11|256.5|23.15|466.63|2|04.01.1990|125|201
906.5|1332.6|426.1|49.93|752.27|2|23.07.2007|126|54
690.0|1345.5|655.5|12.31|1929.5|3|14.11.1979|127|50
349.8|615.57|265.8|24.63|482.37|2|23.03.1983|128|751
538.0|946.81|408.9|27.75|762.2|2|14.01.1996|129|18
130.6|255.98|125.4|41.32|84.061|1|05.09.1999|130|102
767.3|1104.9|337.6|19.41|1591.0|5|27.08.2000|131|841
597.6|1141.3|543.8|12.49|1062.6|2|15.05.1989|132|427
494.3|855.21|360.9|15.08|345.79|1|14.01.2020|133|526
446.0|677.85|231.9|34.86|197.04|1|01.08.2009|134|663
980.7|1853.6|872.9|49.47|3293.6|4|25.09.1981|135|960
869.8|1426.5|556.7|25.32|2125.4|4|31.03.2012|136|524
606.3|1127.7|521.4|26.1|495.29|1|11.12.1983|137|188
250.4|373.15|122.7|34.91|175.62|2|24.09.1989|138|578
830.5|1195.9|365.4|41.0|973.21|3|06.04.1978|139|22
817.9|1464.1|646.2|22.15|3120.1|5|13.08.2004|140|800
785.3|1460.7|675.4|40.44|3174.7|5|18.11.1979|141|340
846.1|1480.6|634.6|38.98|1191.1|2|11.07.1996|142|6
620.8|1067.9|447.0|43.08|2019.7|5|30.06.2020|143|808
981.9|1816.4|834.6|11.66|2468.8|3|17.11.2011|144|840
374.6|599.43|224.8|35.56|946.15|5|29.07.2012|145|904
456.6|716.9|260.3|20.34|239.94|1|23.07.1988|146|473
143.2|229.12|85.92|38.66|236.31|5|21.06.2007|147|385
221.9|423.83|201.9|33.78|168.15|1|23.01.1975|148|463
140.0|224.08|84.03|27.18|113.7|2|26.12.1974|149|545
402.0|755.67|353.7|30.0|1618.6|5|01.12.1982|150|983
252.9|434.91|182.1|16.49|827.82|5|23.10.2013|151|530
669.2|977.06|307.8|11.53|888.94|3|01.06.1984|152|550
447.9|667.38|219.5|10.9|208.57|1|11.02.1993|153|17
746.9|1083.0|336.1|25.53|310.57|1|05.02.1996|154|123
477.2|787.38|310.2|32.3|277.88|1|13.09.2019|155|373
857.6|1629.5|771.9|16.69|755.19|1|03.07.1972|156|38
645.2|1219.4|574.2|36.29|1613.8|3|05.11.1994|157|371
923.1|1477.0|553.9|30.02|1571.5|3|07.06.1978|158|189
175.1|330.99|155.9|48.86|321.0|3|01.02.1975|159|619
323.1|546.08|223.0|10.75|636.62|3|13.03.1996|160|315
515.7|778.74|263.0|47.05|1079.8|5|23.08.2004|161|193
601.5|1148.8|547.3|41.52|1517.4|3|19.12.2013|162|436
788.9|1364.8|575.9|28.52|1642.2|3|23.08.1998|163|333
279.6|458.61|179.0|17.86|322.22|2|16.03.1973|164|764
688.4|1349.2|660.8|11.65|1947.5|3|13.07.2010|165|840
240.2|362.69|122.5|33.29|356.82|4|18.12.1987|166|207
829.1|1310.0|480.9|45.68|1740.9|4|27.01.2017|167|784
516.7|893.97|377.2|34.71|342.52|1|27.04.2002|168|60
652.5|978.81|326.3|13.65|1250.5|4|15.04.1984|169|727
574.7|1040.3|465.5|30.64|869.77|2|20.09.2019|170|568
306.7|573.52|266.8|25.01|725.45|3|24.09.2017|171|681
642.1|937.43|295.4|33.57|523.56|2|12.11.2005|172|728
753.7|1281.3|527.6|21.87|2022.9|4|19.12.1991|173|188
904.5|1610.0|705.5|36.64|668.85|1|31.01.2016|174|889
165.7|243.56|77.87|40.86|185.09|5|31.08.1986|175|624
161.0|299.47|138.5|16.65|365.43|3|29.08.2014|176|574
356.2|512.99|156.7|25.89|130.85|1|08.04.1981|177|43
808.6|1221.0|412.4|49.73|1813.3|5|26.04.1976|178|517
836.7|1606.4|769.7|16.23|3767.6|5|29.10.2008|179|446
928.3|1466.7|538.4|34.49|2015.7|4|28.08.1995|180|99
923.0|1781.4|858.4|27.1|1662.6|2|05.03.2014|181|745
875.2|1400.3|525.1|29.0|992.23|2|08.07.1983|182|700
511.5|956.52|445.0|28.87|1248.4|3|17.12.1982|183|517
724.2|1383.3|659.1|34.18|624.87|1|28.01.1979|184|454
598.0|926.82|328.9|35.1|587.55|2|31.08.1991|185|689
877.8|1553.7|675.9|41.78|1902.3|3|08.05.1987|186|46
392.9|730.79|337.9|45.19|585.41|2|31.07.1996|187|443
754.9|1177.7|422.8|30.19|1570.3|4|11.02.2021|188|512
306.8|579.88|273.1|14.38|1293.4|5|10.12.1999|189|634
636.9|999.98|363.0|46.34|316.71|1|23.10.1993|190|900
965.8|1670.9|705.0|37.61|1334.9|2|18.12.1982|191|614
152.4|237.78|85.36|20.36|260.0|4|19.01.1999|192|612
791.9|1235.3|443.5|36.08|2036.9|5|18.02.2010|193|499
717.3|1362.8|645.5|11.79|1267.5|2|19.04.1996|194|179
459.6|799.65|340.1|16.86|1292.9|4|11.12.1981|195|134
610.2|1012.9|402.7|18.48|1152.7|3|28.05.2020|196|89
871.6|1298.7|427.1|30.93|792.31|2|25.04.2002|197|334
810.0|1482.3|672.3|34.37|637.95|1|15.07.1976|198|889
384.6|769.28|384.6|22.67|1447.9|4|24.05.1992|199|913
608.3|869.83|261.6|12.22|1246.7|5|06.07.1983|200|745
137.2|255.25|118.0|32.78|426.17|5|28.01.2002|201|506
915.0|1701.9|786.9|33.74|1506.4|2|06.04.2013|202|825
830.4|1220.7|390.3|43.62|1386.7|4|09.09.1995|203|313
790.6|1391.4|600.8|49.81|2204.2|4|13.04.2013|204|732
521.3|1011.3|490.0|39.63|450.39|1|19.12.2014|205|352
197.6|375.39|177.8|40.55|411.79|3|15.02.1976|206|435
850.5|1318.3|467.8|35.48|864.61|2|08.03.2003|207|555
649.6|1299.2|649.6|12.88|1273.5|2|21.01.1994|208|750
761.9|1401.8|640.0|18.86|621.12|1|24.06.2009|209|390
496.1|729.2|233.1|10.28|668.6|3|17.06.1991|210|268
677.2|1022.5|345.4|45.54|1199.3|4|01.03.1992|211|374
709.0|1226.6|517.6|39.64|1433.9|3|31.01.2010|212|938
731.2|1155.3|424.1|40.79|1533.3|4|03.08.1986|213|146
742.4|1158.1|415.7|21.13|789.16|2|19.07.2017|214|94
245.8|407.95|162.2|23.48|416.14|3|27.09.1991|215|680
124.2|243.49|119.3|24.66|94.601|1|14.04.1975|216|752
156.7|227.28|70.53|34.5|144.15|4|26.11.1979|217|145
520.7|978.84|458.2|45.68|1237.5|3|08.01.1992|218|817
864.1|1624.5|760.4|34.13|2905.1|4|19.05.2012|219|302
179.5|262.11|82.58|22.68|59.9|1|08.06.1974|220|445
306.6|490.64|184.0|46.12|551.46|4|07.12.1989|221|996
334.3|541.64|207.3|21.23|930.3|5|26.01.1976|222|907
428.9|643.37|214.5|25.65|755.24|4|16.03.2020|223|518
415.6|810.36|394.8|11.89|1914.5|5|18.09.1991|224|221
748.2|1459.0|710.8|18.08|2078.2|3|14.11.2011|225|971
289.1|549.35|260.2|34.84|901.5|4|28.02.1999|226|717
297.4|576.92|279.5|32.9|246.64|1|07.07.1981|227|831
686.5|1091.5|405.0|19.97|770.09|2|26.06.1973|228|476
734.8|1241.8|507.0|30.69|2381.6|5|08.01.2018|229|666
145.8|285.85|140.0|49.4|453.05|5|08.05.1986|230|145
507.9|792.39|284.4|37.69|987.05|4|19.12.1995|231|311
427.1|841.36|414.3|12.91|1204.1|3|29.06.1991|232|836
695.7|1001.8|306.1|33.08|1092.1|4|19.05.2019|233|367
621.9|1075.9|454.0|30.78|1692.8|4|23.10.2008|234|762
314.1|468.08|153.9|18.74|135.2|1|10.05.1977|235|449
870.4|1575.4|705.0|17.36|2063.0|3|28.02.1979|236|441
849.1|1477.4|628.3|10.93|1852.2|3|15.07.2010|237|469
901.3|1460.1|558.8|11.25|547.57|1|12.04.2020|238|370
527.1|906.59|379.5|24.33|1775.9|5|15.11.1988|239|121
627.5|947.55|320.0|46.94|273.09|1|13.01.1986|240|989
325.2|624.36|299.2|29.49|809.05|3|17.05.2004|241|404
799.4|1431.0|631.5|49.36|582.19|1|04.10.1986|242|335
640.4|1267.9|627.5|10.37|617.18|1|17.01.1972|243|508
479.6|748.17|268.6|11.1|257.47|1|24.11.2012|244|866
977.0|1885.6|908.6|17.77|1781.7|2|18.08.1993|245|199
552.5|872.9|320.4|37.23|283.2|1|20.11.2019|246|839
463.1|866.01|402.9|25.42|754.97|2|16.10.1995|247|563
563.8|1037.3|473.6|33.0|881.14|2|30.10.1998|248|754
496.4|714.8|218.4|38.18|360.47|2|04.10.1987|249|228
882.0|1746.4|864.4|21.16|843.22|1|28.12.1971|250|823
306.1|452.97|146.9|27.63|477.12|4|14.03.1981|251|531
807.3|1323.9|516.7|48.34|1404.9|3|09.07.1997|252|715
789.1|1380.8|591.8|37.42|2217.5|4|06.10.2003|253|107
407.8|746.33|338.5|10.58|327.92|1|19.09.1970|254|221
661.6|1316.7|655.0|43.87|2444.6|4|09.10.1996|255|729
457.3|736.2|278.9|21.15|1031.1|4|22.03.2013|256|432
787.0|1196.2|409.2|12.47|1190.2|3|04.01.1998|257|227
328.2|479.16|151.0|15.78|405.55|3|12.08.1991|258|538
981.8|1629.8|648.0|19.63|628.37|1|23.04.2013|259|795
137.7|201.08|63.35|19.73|130.86|3|13.09.1979|260|947
363.3|726.68|363.3|14.11|1396.9|4|21.02.2000|261|349
399.9|627.78|227.9|45.85|910.35|5|21.02.2015|262|32
340.5|595.92|255.4|19.47|707.75|3|28.07.1994|263|805
640.6|1121.1|480.5|36.61|1331.6|3|26.01.2010|264|7
905.7|1585.0|679.3|45.19|2536.3|4|28.07.1982|265|585
424.7|811.14|386.5|42.81|343.65|1|29.11.1975|266|256
863.2|1605.5|742.3|43.3|699.02|1|13.07.2004|267|247
124.2|243.49|119.3|48.1|355.81|5|04.09.1972|268|752
497.0|750.42|253.5|12.19|1206.3|5|24.06.1978|269|148
625.2|956.6|331.4|27.08|608.58|2|10.11.1975|270|7
249.2|406.25|157.0|19.79|411.68|3|13.07.2009|271|892
522.2|856.33|334.2|18.2|947.93|3|20.07.1984|272|641
757.0|1302.0|545.0|18.83|2104.8|4|04.05.1972|273|283
830.2|1635.6|805.3|41.7|1527.2|2|16.06.2017|274|926
507.9|792.39|284.4|35.17|498.55|2|30.01.1984|275|311
329.6|497.62|168.1|19.55|742.61|5|12.03.2002|276|421
810.0|1482.3|672.3|47.17|1875.5|3|06.10.1986|277|889
692.0|1100.3|408.3|10.46|1591.2|4|15.11.1980|278|987
528.9|999.67|470.7|47.45|2116.4|5|08.07.1970|279|749
543.2|1005.0|461.7|40.22|1686.1|4|23.05.2004|280|666
128.9|243.7|114.8|48.05|333.55|5|27.08.1984|281|123
792.7|1276.2|483.5|13.13|1881.6|4|15.07.1992|282|927
228.3|447.53|219.2|14.77|408.86|2|12.11.2002|283|7
682.0|1268.5|586.5|28.92|2230.4|4|29.11.1986|284|941
362.3|659.35|297.1|16.05|843.07|3|06.11.2021|285|869
677.8|1314.9|637.1|24.51|1225.2|2|31.03.1973|286|204
678.6|1038.3|359.7|12.31|1736.8|5|04.12.1972|287|267
756.1|1497.0|740.9|33.19|2831.0|4|31.10.2006|288|181
537.8|1021.9|484.0|25.77|1374.8|3|13.03.1999|289|493
141.6|253.48|111.9|42.89|344.9|5|18.05.1982|290|50
552.3|883.67|331.4|48.03|850.03|3|29.08.1981|291|766
314.1|468.08|153.9|25.75|256.37|2|25.02.2010|292|449
671.1|999.91|328.8|29.93|896.7|3|29.11.1977|293|239
949.5|1595.1|645.6|14.11|2526.1|4|19.06.2017|294|665
943.3|1471.6|528.3|40.25|1464.0|3|24.09.1988|295|809
466.5|909.76|443.2|44.07|1197.4|3|03.04.1973|296|369
520.8|1026.1|505.2|17.51|1463.1|3|08.10.1998|297|814
806.1|1475.2|669.1|49.03|1860.2|3|23.06.2015|298|843
532.1|931.16|399.1|11.35|1938.6|5|10.08.2005|299|603
921.9|1327.6|405.7|44.39|1445.1|4|22.08.2016|300|82
314.5|563.04|248.5|12.36|236.13|1|19.05.2000|301|338
840.6|1345.0|504.4|43.47|921.79|2|13.07.1999|302|81
839.5|1343.1|503.7|45.51|1832.7|4|11.04.2019|303|537
175.5|294.91|119.4|42.5|307.5|4|24.06.2017|304|43
412.3|696.81|284.5|40.89|487.2|2|25.02.2013|305|362
682.0|1268.5|586.5|31.55|2774.9|5|31.12.1988|306|941
320.8|628.75|308.0|35.89|816.21|3|30.11.1988|307|259
798.9|1310.3|511.3|11.03|2501.4|5|01.11.2010|308|868
634.3|1192.4|558.2|32.06|2104.4|4|11.02.2019|309|551
268.6|424.36|155.8|38.1|117.68|1|11.10.1998|310|308
289.1|549.35|260.2|40.44|659.32|3|20.05.1991|311|717
742.4|1158.1|415.7|15.62|800.19|2|09.07.2003|312|94
734.8|1241.8|507.0|43.32|927.38|2|08.02.1993|313|666
921.5|1621.8|700.3|14.64|2057.1|3|07.02.1990|314|361
632.8|930.23|297.4|40.31|514.21|2|19.09.1983|315|916
256.4|417.99|161.6|42.9|237.31|2|23.08.1979|316|933
655.9|1010.0|354.2|46.0|308.17|1|04.09.1995|317|786
473.4|738.46|265.1|27.22|1189.3|5|17.04.1980|318|672
151.6|283.58|131.9|10.13|243.61|2|08.10.1984|319|231
965.2|1505.8|540.5|20.73|519.81|1|18.06.1993|320|924
494.3|855.21|360.9|38.87|322.0|1|28.01.1983|321|526
128.9|243.7|114.8|45.1|208.97|3|20.12.2009|322|123
712.0|1082.2|370.2|47.04|646.4|2|29.09.1980|323|324
549.5|879.21|329.7|28.17|603.06|2|26.11.1993|324|125
316.0|540.4|224.4|14.21|1050.9|5|17.03.1991|325|329
505.4|1010.9|505.4|11.03|1977.6|4|07.11.1990|326|796
839.0|1526.9|687.9|26.56|2645.5|4|02.08.2010|327|255
443.9|661.39|217.5|11.43|1030.4|5|09.03.1983|328|306
344.5|547.72|203.2|45.23|158.01|1|24.03.1984|329|953
468.4|726.04|257.6|39.64|871.94|4|27.09.1978|330|44
812.8|1503.6|690.8|27.93|662.91|1|13.05.2000|331|948
473.8|895.51|421.7|49.3|372.4|1|15.10.1994|332|815
192.0|359.13|167.1|35.28|395.42|3|03.12.1973|333|819
222.4|346.94|124.5|37.12|349.67|4|02.06.1986|334|686
266.6|490.47|223.9|30.87|965.18|5|22.06.1989|335|891
436.0|797.83|361.9|19.24|1370.5|4|28.01.1976|336|958
402.4|591.53|189.1|40.13|446.99|3|12.03.2017|337|347
453.5|730.18|276.7|24.04|252.61|1|15.02.2019|338|117
552.0|988.16|436.1|40.45|1187.0|3|30.11.1997|339|216
549.5|879.21|329.7|13.82|1579.4|5|16.09.2000|340|125
353.1|624.96|271.9|44.73|908.58|4|16.03.2011|341|785
205.9|337.64|131.8|48.32|166.88|2|21.04.1982|342|479
898.4|1527.3|628.9|47.81|581.07|1|12.04.2014|343|189
819.5|1303.0|483.5|16.64|933.74|2|11.07.1977|344|533
500.5|760.75|260.3|29.01|462.49|2|25.02.2021|345|823
248.9|495.37|246.4|22.15|224.29|1|22.10.2015|346|569
392.7|710.73|318.1|28.97|867.27|3|10.01.1990|347|401
547.2|1083.5|536.3|23.99|512.3|1|14.09.2011|348|465
126.2|230.89|104.7|10.41|471.55|5|21.11.2017|349|188
715.8|1302.7|586.9|19.59|567.35|1|07.06.1992|350|483
544.2|925.1|380.9|35.13|345.79|1|04.07.1976|351|285
817.0|1405.2|588.2|29.21|1118.0|2|12.09.2002|352|990
704.6|1233.1|528.5|24.42|1512.1|3|04.02.2021|353|951
330.8|522.64|191.9|41.39|601.88|4|06.04.1982|354|730
374.6|599.43|224.8|11.64|426.29|2|18.04.2015|355|904
409.6|708.62|299.0|18.01|1124.0|4|29.03.2002|356|829
802.6|1211.9|409.3|14.44|394.87|1|09.12.2018|357|743
190.4|306.61|116.2|28.23|351.74|4|20.05.1980|358|942
831.0|1238.1|407.2|36.92|1110.7|3|24.07.1988|359|22
663.1|1120.7|457.6|10.23|1342.0|3|07.01.1979|360|556
875.2|1400.3|525.1|12.14|2051.9|4|25.04.2021|361|700
461.6|761.68|300.1|43.31|1283.7|5|14.11.1976|362|664
435.4|683.53|248.2|49.82|396.69|2|16.02.1997|363|829
154.2|251.31|97.13|18.99|234.42|3|07.10.2017|364|304
369.8|621.33|251.5|36.67|429.65|2|02.11.1983|365|875
812.3|1332.1|519.8|15.85|503.99|1|07.10.1993|366|630
731.0|1257.3|526.3|26.12|500.2|1|20.03.2019|367|135
172.4|308.68|136.2|20.69|115.54|1|21.05.1972|368|254
888.6|1377.3|488.7|25.84|1388.6|3|29.01.2008|369|687
579.5|863.52|284.0|37.12|987.42|4|02.09.1998|370|80
577.2|1090.9|513.7|14.83|1496.6|3|05.01.2018|371|952
593.3|872.19|278.9|15.62|789.72|3|12.04.1996|372|55
125.9|202.77|76.82|11.03|131.59|2|18.09.2004|373|726
207.9|388.7|180.8|21.4|478.33|3|12.06.1987|374|206
838.5|1274.4|436.0|11.67|2121.6|5|21.04.1985|375|307
940.9|1364.3|423.4|41.13|764.56|2|13.05.2011|376|931
310.8|540.82|230.0|27.27|405.47|2|07.06.1975|377|443
249.1|490.65|241.6|11.28|1151.5|5|22.09.1987|378|10
332.7|585.51|252.8|39.12|427.44|2|17.10.1973|379|159
435.4|683.53|248.2|27.9|660.77|3|24.08.1970|380|829
901.3|1460.1|558.8|41.26|2587.8|5|15.05.2019|381|370
810.9|1329.8|518.9|19.87|998.15|2|18.06.1973|382|45
330.7|568.77|238.1|18.11|219.98|1|18.12.1989|383|935
864.1|1572.7|708.6|33.9|2698.7|4|11.05.2014|384|0
983.9|1515.1|531.3|32.56|2493.6|5|14.01.1996|385|850
241.2|369.0|127.8|14.17|568.25|5|08.01.1983|386|645
581.3|1069.6|488.3|37.81|900.97|2|17.11.1988|387|615
833.0|1624.3|791.3|22.07|3077.1|4|13.12.1995|388|856
281.3|402.24|121.0|20.77|300.55|3|20.03.1996|389|692
414.9|780.0|365.1|22.62|1369.9|4|04.01.1990|390|995
999.8|1639.6|639.8|44.93|1784.7|3|06.12.2009|391|621
687.6|1072.6|385.0|32.39|1410.6|4|01.02.1989|392|270
962.4|1511.0|548.6|41.51|1014.2|2|29.12.1974|393|470
563.4|924.02|360.6|42.96|1588.2|5|17.03.1989|394|602
465.0|790.55|325.5|10.7|1574.1|5|05.12.1993|395|651
255.3|500.36|245.1|36.78|416.6|2|01.08.1994|396|336
217.8|318.01|100.2|18.54|81.657|1|25.05.2012|397|743
549.6|1082.8|533.1|40.58|1970.2|4|21.07.2009|398|113
603.9|1165.6|561.6|11.63|1650.0|3|18.04.1994|399|540
258.9|442.74|183.8|44.14|558.74|4|13.12.1991|400|619
951.0|1597.7|646.7|46.43|1200.5|2|11.04.2008|401|677
994.1|1938.5|944.4|17.42|926.96|1|14.06.2022|402|844
945.6|1550.8|605.2|18.98|2344.9|4|04.02.1991|403|778
733.1|1180.2|447.2|30.76|2082.0|5|01.05.2016|404|250
910.1|1793.0|882.8|34.39|3393.8|4|16.01.2004|405|115
263.7|377.06|113.4|14.87|295.54|3|28.06.2011|406|414
197.6|312.23|114.6|46.22|273.6|4|17.02.2008|407|961
939.4|1437.3|497.9|23.51|1897.5|4|24.08.2006|408|278
367.8|672.98|305.2|28.41|553.64|2|31.01.1973|409|19
936.3|1872.6|936.3|17.44|918.87|1|04.12.1976|410|504
735.0|1264.2|529.2|39.4|1959.3|4|14.06.2002|411|1
573.9|901.09|327.1|13.16|313.98|1|07.11.1987|412|478
315.4|561.43|246.0|27.24|1093.9|5|30.08.1991|413|651
992.3|1726.6|734.3|46.51|3439.0|5|06.03.2016|414|917
949.5|1595.1|645.6|47.58|1794.2|3|23.07.2000|415|665
720.7|1160.4|439.7|39.94|1598.8|4|31.01.2019|416|870
931.3|1862.7|931.3|36.22|4475.6|5|01.10.1997|417|591
552.3|883.67|331.4|10.43|962.84|3|28.11.1983|418|766
264.9|450.35|185.4|32.4|306.08|2|21.12.2000|419|121
499.8|994.66|494.8|42.96|1355.6|3|22.11.1997|420|521
728.8|1195.2|466.4|24.97|2207.2|5|30.04.1989|421|166
852.2|1695.9|843.7|29.6|3256.3|4|14.11.1986|422|937
554.1|1058.4|504.2|31.92|1889.3|4|14.12.1981|423|168
354.0|562.87|208.9|30.46|892.02|5|15.04.1984|424|200
838.8|1241.5|402.6|43.32|359.32|1|23.02.2014|425|141
648.5|959.79|311.3|19.06|584.45|2|30.11.1982|426|345
929.2|1412.4|483.2|39.28|887.82|2|19.03.2011|427|74
908.3|1298.9|390.6|11.18|1897.0|5|10.04.2013|428|978
679.6|1196.0|516.5|28.36|1952.4|4|11.01.1987|429|60
247.5|430.62|183.1|38.22|144.92|1|02.03.2000|430|264
705.0|1325.5|620.4|15.22|3026.1|5|26.02.2004|431|643
388.9|777.75|388.9|28.49|1081.2|3|04.05.2015|432|2
747.3|1292.8|545.5|38.77|1520.3|3|13.08.1995|433|272
612.9|937.72|324.8|44.83|1120.0|4|15.11.1995|434|352
352.7|627.77|275.1|44.91|690.53|3|08.02.1990|435|227
990.1|1851.5|861.4|15.55|845.86|1|08.12.1973|436|779
637.5|1109.3|471.8|45.29|852.97|2|11.10.1972|437|355
433.3|680.25|247.0|42.11|1024.3|5|13.04.1988|438|78
298.8|567.73|268.9|19.23|499.39|2|16.07.1987|439|759
410.2|623.5|213.3|45.43|503.62|3|01.01.2003|440|323
483.7|904.54|420.8|20.13|801.4|2|19.06.2009|441|945
175.8|321.69|145.9|42.84|206.12|2|06.01.2011|442|968
639.1|977.83|338.7|28.73|310.0|1|18.02.2002|443|683
487.4|813.97|326.6|47.15|558.82|2|18.01.1974|444|929
302.9|563.31|260.5|34.77|225.69|1|02.12.1979|445|659
259.2|513.15|254.0|49.4|613.75|3|24.02.2001|446|741
265.9|486.53|220.7|12.87|623.38|3|23.03.1991|447|726
149.7|279.97|130.3|34.12|288.39|3|01.10.1982|448|600
756.1|1497.0|740.9|13.84|2181.3|3|06.04.2011|449|181
813.9|1172.0|358.1|43.29|1259.2|4|07.09.1997|450|545
723.0|1171.2|448.2|32.49|1663.0|4|22.07.1976|451|50
278.5|417.72|139.2|47.21|460.18|5|14.02.1971|452|888
410.2|623.5|213.3|31.61|545.06|3|28.04.2022|453|323
643.3|1055.1|411.7|37.19|749.09|2|28.11.2006|454|66
828.4|1201.2|372.8|23.96|1046.5|3|17.04.1973|455|396
754.3|1146.5|392.2|36.7|1422.1|4|24.02.1973|456|143
205.0|344.46|139.4|33.26|424.65|4|18.02.1976|457|279
672.8|1002.5|329.7|14.35|315.32|1|06.08.2019|458|325
329.2|513.55|184.4|30.87|153.48|1|05.11.1999|459|14
259.8|504.04|244.2|29.04|860.72|4|16.11.1992|460|454
347.9|678.44|330.5|19.8|310.73|1|01.07.1976|461|773
986.0|1498.8|512.7|44.33|1873.6|4|02.04.2003|462|939
945.7|1456.4|510.7|19.0|983.39|2|29.11.2021|463|874
645.7|1007.3|361.6|22.93|1354.7|4|19.03.2018|464|556
493.6|893.5|399.9|19.74|1140.3|3|16.09.1981|465|60
901.3|1460.1|558.8|17.29|2166.1|4|21.11.2017|466|370
208.2|314.33|106.2|39.03|67.136|1|18.01.2008|467|40
921.4|1557.2|635.8|11.24|3122.8|5|11.04.1980|468|84
140.7|212.47|71.76|33.86|37.897|1|13.06.2012|469|466
565.0|1124.4|559.4|39.41|519.96|1|10.03.2012|470|400
735.7|1383.2|647.5|14.67|2531.2|4|08.10.1973|471|516
792.1|1219.9|427.7|21.51|406.24|1|22.09.1981|472|324
181.3|335.49|154.1|44.86|218.56|2|16.07.2022|473|557
222.7|322.96|100.2|28.42|359.06|5|21.12.2010|474|40
586.1|1142.9|556.8|33.25|2617.7|5|17.04.2003|475|385
947.3|1458.8|511.5|28.65|2414.4|5|31.05.1973|476|563
283.8|536.42|252.6|34.28|218.32|1|09.05.1994|477|195
793.7|1214.4|420.7|28.13|1962.7|5|02.05.2008|478|842
172.8|321.49|148.6|16.88|131.76|1|27.01.1993|479|887
134.0|225.1|91.11|19.55|143.12|2|05.01.1977|480|309
781.4|1508.2|726.7|20.01|1413.5|2|15.11.2006|481|219
749.8|1297.1|547.3|34.09|513.25|1|06.08.1984|482|727
269.5|479.79|210.2|20.11|950.67|5|20.11.1988|483|869
736.2|1310.3|574.2|10.09|2820.6|5|14.09.1992|484|315
843.5|1248.3|404.9|23.59|762.56|2|29.04.1974|485|609
141.4|223.45|82.03|45.37|109.98|3|27.05.2000|486|614
788.9|1451.5|662.7|14.54|648.12|1|07.02.1987|487|663
427.6|731.18|303.6|45.85|1031.0|4|09.03.1982|488|56
523.5|869.08|345.5|13.22|1329.3|4|31.08.2016|489|547
464.3|928.52|464.3|30.4|1735.5|4|15.12.1970|490|454
597.4|914.04|316.6|29.85|860.32|3|19.06.1989|491|885
388.4|738.0|349.6|26.67|645.82|2|09.11.2014|492|836
489.9|950.48|460.5|43.07|834.95|2|11.03.2009|493|925
798.9|1557.9|759.0|27.78|3656.1|5|24.07.2010|494|183
247.8|393.94|146.2|44.84|304.0|3|20.04.2020|495|883
282.1|425.94|143.9|18.13|251.46|2|31.07.1993|496|608
447.1|849.43|402.4|48.92|1060.3|3|01.03.1983|497|653
834.0|1459.5|625.5|40.01|1171.0|2|03.10.1980|498|160
238.3|445.58|207.3|27.12|360.37|2|30.05.1970|499|812
812.8|1503.6|690.8|23.24|2002.8|3|31.05.1971|500|948
355.2|692.56|337.4|39.35|894.14|3|13.08.2007|501|508
657.4|1124.1|466.7|23.14|887.17|2|26.09.2016|502|98
230.3|331.59|101.3|31.14|350.89|5|02.11.1995|503|492
756.3|1505.1|748.7|22.43|1452.6|2|13.08.1984|504|994
524.1|765.19|241.1|14.52|453.13|2|14.11.1981|505|9
794.8|1526.1|731.2|19.08|712.16|1|24.12.1972|506|674
622.9|890.78|267.9|22.21|736.95|3|21.12.2002|507|559
177.9|336.25|158.3|33.17|625.86|5|04.12.1981|508|711
709.7|1376.9|667.1|45.83|1242.6|2|08.03.1981|509|473
226.0|451.93|226.0|25.19|803.09|4|31.03.2000|510|474
555.0|882.5|327.5|11.0|1265.9|4|16.09.2020|511|486
169.5|289.83|120.3|10.42|329.76|3|09.05.1992|512|313
720.7|1160.4|439.7|23.53|416.12|1|31.08.2019|513|870
176.5|285.92|109.4|27.69|163.47|2|21.08.2011|514|974
688.4|1349.2|660.8|46.07|2459.0|4|12.11.1971|515|840
587.2|1004.1|416.9|40.84|1880.4|5|22.03.2016|516|624
760.8|1361.8|601.0|21.7|2317.2|4|19.09.2006|517|329
609.3|950.44|341.2|12.56|1643.1|5|06.02.2002|518|572
366.9|565.09|198.1|33.45|164.7|1|31.08.1998|519|183
172.4|308.68|136.2|24.65|111.59|1|22.09.2020|520|254
646.3|1072.9|426.6|15.51|1644.2|4|16.12.1983|521|712
810.0|1482.3|672.3|35.34|1274.0|2|06.03.1982|522|889
283.8|536.42|252.6|18.26|937.34|4|17.05.1983|523|195
801.2|1546.3|745.1|37.65|707.47|1|17.03.2002|524|87
793.5|1341.1|547.5|16.7|2654.2|5|27.11.1998|525|520
329.2|595.8|266.6|14.01|1263.1|5|29.11.2004|526|566
663.1|1120.7|457.6|28.7|1286.6|3|16.05.1989|527|556
450.1|873.2|423.1|29.61|1180.5|3|11.08.1990|528|990
415.8|794.17|378.4|14.5|363.88|1|20.09.1980|529|914
627.5|947.55|320.0|40.93|1395.5|5|24.11.2002|530|989
858.6|1571.2|712.6|27.68|2054.8|3|04.06.2005|531|868
168.6|316.92|148.3|44.33|520.08|5|22.05.2020|532|560
475.3|784.32|309.0|12.02|593.9|2|04.09.1988|533|626
775.9|1489.8|713.8|17.06|3483.9|5|16.05.1979|534|697
351.5|671.43|319.9|36.04|283.86|1|06.07.1990|535|10
561.7|904.41|342.7|20.68|1609.9|5|14.06.2009|536|584
494.1|839.97|345.9|23.2|1613.4|5|16.09.1988|537|18
907.1|1487.6|580.5|48.77|2658.9|5|20.05.2012|538|365
579.5|863.52|284.0|13.99|1350.0|5|30.10.1970|539|80
896.4|1658.4|762.0|41.98|1440.0|2|10.04.2008|540|900
813.1|1244.1|431.0|22.84|816.25|2|10.03.2019|541|645
571.3|1079.8|508.5|32.83|2378.2|5|10.09.1981|542|244
545.9|1010.0|464.0|35.43|2143.1|5|12.02.1994|543|446
191.0|326.59|135.6|25.91|109.69|1|01.04.2018|544|70
570.4|844.21|273.8|36.49|711.93|3|13.07.2021|545|559
185.4|339.32|153.9|43.19|110.71|1|21.08.1978|546|461
381.7|748.18|366.5|24.53|1367.7|4|12.07.2006|547|52
483.8|948.23|464.4|16.42|896.05|2|08.04.1978|548|477
829.6|1642.5|813.0|20.7|3961.3|5|16.02.1999|549|259
462.6|670.72|208.2|10.26|791.59|4|16.10.1972|550|622
408.5|714.84|306.4|47.87|1033.9|4|25.07.1975|551|145
454.2|794.84|340.6|29.07|311.58|1|28.02.1983|552|109
805.2|1280.2|475.1|30.09|889.94|2|31.01.1982|553|498
891.6|1756.4|864.8|28.54|836.31|1|29.01.2014|554|598
306.7|573.52|266.8|19.4|247.42|1|06.01.2019|555|681
827.5|1530.9|703.4|42.25|1983.4|3|08.01.2002|556|489
964.7|1832.9|868.2|27.49|2522.2|3|03.09.2006|557|263
673.9|1165.9|492.0|11.36|1441.8|3|25.07.1999|558|162
360.6|540.89|180.3|25.4|154.9|1|15.11.2008|559|242
725.6|1298.8|573.2|26.82|2185.6|4|08.12.1997|560|965
635.9|1233.7|597.8|35.25|1687.6|3|11.10.2003|561|151
944.7|1691.1|746.3|36.95|2837.6|4|15.07.2001|562|319
720.2|1303.6|583.4|12.19|1142.4|2|29.05.2018|563|888
572.2|818.2|246.0|47.56|198.48|1|11.02.1993|564|579
264.5|394.03|129.6|49.11|160.93|2|01.07.1983|565|304
289.1|549.35|260.2|24.48|942.94|4|17.09.1988|566|717
699.2|1153.7|454.5|18.64|871.7|2|12.06.2011|567|15
672.2|1250.2|578.1|49.0|1058.1|2|11.02.2004|568|681
663.2|1154.0|490.8|31.82|2294.7|5|10.10.2009|569|930
413.6|670.11|256.5|12.69|243.77|1|13.11.2021|570|201
852.8|1654.5|801.7|16.71|3924.7|5|22.11.2002|571|330
510.5|995.47|485.0|13.47|1886.0|4|04.01.1973|572|459
916.2|1685.8|769.6|26.81|1485.5|2|26.10.1981|573|953
225.5|423.94|198.4|23.15|175.29|1|09.06.1971|574|450
172.6|324.44|151.9|49.61|306.77|3|29.07.1993|575|664
247.1|360.7|113.6|43.13|282.07|4|20.09.1995|576|558
828.0|1490.4|662.4|13.18|3246.1|5|24.06.1988|577|654
614.6|1069.4|454.8|28.73|1278.2|3|02.09.2019|578|391
813.5|1171.5|357.9|22.76|1676.0|5|01.12.2005|579|198
473.2|776.04|302.8|38.47|528.75|2|15.06.1970|580|197
836.6|1572.8|736.2|15.14|2884.2|4|01.03.2013|581|219
259.1|412.04|152.9|23.07|129.83|1|12.09.1992|582|971
678.8|1018.2|339.4|10.63|986.32|3|02.07.2015|583|619
335.5|580.37|244.9|41.53|1016.8|5|22.12.2007|584|461
538.2|995.69|457.5|30.2|1709.1|4|26.11.2006|585|104
963.8|1378.2|414.4|22.56|1959.3|5|09.01.2016|586|132
184.6|282.45|97.84|39.8|116.08|2|17.12.1992|587|497
479.1|689.93|210.8|47.64|163.17|1|06.02.1971|588|223
639.4|1131.7|492.3|27.08|465.25|1|21.05.2008|589|22
906.5|1332.6|426.1|37.6|1553.9|4|24.08.1973|590|54
625.5|1019.5|394.1|43.6|350.45|1|14.06.1992|591|503
929.2|1644.7|715.5|34.63|3404.2|5|07.08.2018|592|673
234.0|341.66|107.6|11.88|478.86|5|09.07.1992|593|309
621.9|995.09|373.2|12.53|1442.5|4|15.03.2002|594|65
152.4|237.78|85.36|15.7|208.96|3|07.06.1995|595|612
875.2|1400.3|525.1|49.82|950.57|2|22.04.1998|596|700
731.2|1155.3|424.1|30.65|1967.3|5|10.05.2003|597|146
838.5|1249.4|410.9|26.04|1924.1|5|28.12.2011|598|981
977.7|1662.0|684.4|37.95|1292.8|2|08.12.2011|599|932
729.1|1443.5|714.5|47.24|667.24|1|13.01.1990|600|716
528.9|999.67|470.7|31.34|878.81|2|24.06.1984|601|749
709.7|1312.9|603.2|25.21|578.04|1|19.02.2012|602|82
577.7|1022.6|444.8|21.87|845.96|2|10.09.1974|603|104
142.8|218.45|75.67|24.25|102.83|2|22.03.1986|604|468
541.7|823.34|281.7|37.86|975.22|4|16.08.1986|605|423
324.7|581.18|256.5|26.98|229.52|1|06.02.2004|606|420
755.5|1503.5|748.0|12.67|2941.1|4|01.09.2004|607|675
441.9|773.26|331.4|33.71|893.05|3|09.11.1970|608|929
918.7|1837.3|918.7|34.52|1768.3|2|15.04.1973|609|669
768.1|1413.3|645.2|40.03|3025.8|5|18.02.2002|610|793
279.4|455.35|176.0|48.24|638.77|5|07.11.2008|611|921
997.3|1705.4|708.1|49.19|2635.6|4|09.05.2000|612|429
696.0|1197.1|501.1|44.11|913.99|2|18.10.1984|613|733
828.7|1309.4|480.7|37.4|1773.0|4|31.08.1971|614|360
634.3|1192.4|558.2|31.08|527.09|1|27.01.2016|615|551
764.4|1322.5|558.0|43.77|2057.1|4|23.09.1976|616|698
549.1|851.13|302.0|43.41|258.6|1|31.12.1994|617|761
633.5|1241.7|608.2|23.41|1169.6|2|19.02.2014|618|27
586.1|1142.9|556.8|33.0|523.8|1|09.03.2019|619|385
913.3|1479.6|566.3|48.4|2589.2|5|30.09.2004|620|331
297.4|576.92|279.5|35.61|1219.6|5|01.06.1991|621|831
639.5|965.59|326.1|38.14|575.97|2|12.05.2010|622|629
458.7|724.74|266.0|21.59|488.92|2|23.07.1990|623|936
691.3|1168.3|477.0|46.05|1723.8|4|17.04.1998|624|635
609.2|1151.4|542.2|27.24|2574.8|5|31.10.2001|625|675
419.0|796.16|377.1|26.03|702.2|2|05.06.2016|626|495
921.4|1557.2|635.8|11.36|1873.3|3|22.12.1987|627|84
353.1|624.96|271.9|45.36|453.02|2|15.07.1983|628|785
462.4|818.53|356.1|13.54|1712.7|5|02.09.2000|629|40
671.7|973.99|302.3|37.66|264.61|1|23.08.2012|630|704
704.1|1021.0|316.8|31.98|1139.5|4|16.06.1994|631|777
168.0|317.44|149.5|34.72|344.3|3|16.12.2009|632|570
629.7|1171.2|541.5|39.09|1004.9|2|14.05.1992|633|473
377.4|581.19|203.8|22.51|543.85|3|30.06.1986|634|699
595.4|1030.1|434.7|49.33|385.34|1|26.04.2019|635|863
823.3|1498.4|675.1|28.13|1294.0|2|07.11.1993|636|956
845.6|1539.0|693.4|12.75|680.62|1|27.12.1985|637|483
760.8|1361.8|601.0|47.05|1107.9|2|30.10.2020|638|329
192.3|303.81|111.5|10.53|201.98|2|06.02.1989|639|297
330.7|568.77|238.1|26.49|1058.0|5|09.03.2007|640|935
221.5|385.35|163.9|44.77|238.24|2|28.04.2002|641|3
798.9|1557.9|759.0|23.81|1470.4|2|22.11.2015|642|183
986.8|1766.4|779.6|29.09|750.48|1|20.09.2015|643|972
774.5|1378.7|604.1|20.05|1168.2|2|12.06.1977|644|451
550.7|996.84|446.1|13.72|2161.9|5|02.03.1976|645|119
873.9|1503.1|629.2|27.51|2406.8|4|09.09.2005|646|617
680.5|1061.5|381.1|36.44|344.61|1|10.12.2011|647|790
955.9|1672.7|716.9|15.26|2806.5|4|28.10.1999|648|720
493.0|941.54|448.6|21.14|854.89|2|27.03.1996|649|804
163.6|269.86|106.3|31.06|75.25|1|11.02.1978|650|102
950.7|1483.1|532.4|20.06|2561.6|5|04.11.2006|651|207
995.1|1542.4|547.3|33.63|1027.4|2|27.06.2010|652|390
738.1|1055.5|317.4|35.93|281.45|1|23.05.1980|653|199
557.2|830.22|273.0|17.98|765.13|3|10.02.1981|654|554
483.8|783.78|300.0|12.52|1149.8|4|02.11.1983|655|19
913.1|1369.6|456.5|38.62|1253.8|3|29.04.2022|656|815
264.9|450.35|185.4|39.99|290.9|2|23.12.2015|657|121
329.2|480.62|151.4|20.42|655.04|5|19.12.1988|658|607
609.4|895.78|286.4|45.3|723.33|3|27.01.2020|659|556
215.7|310.61|94.91|24.29|353.1|5|19.04.2019|660|265
148.9|212.98|64.04|41.83|88.836|4|30.12.1980|661|241
777.6|1438.5|661.0|46.89|1228.1|2|07.12.1987|662|349
532.4|873.15|340.7|33.62|1535.6|5|19.05.1986|663|35
290.5|551.94|261.4|32.34|1145.5|5|17.02.1994|664|560
273.5|544.31|270.8|43.31|1137.4|5|16.02.2006|665|712
866.7|1672.6|806.0|33.89|3088.4|4|23.03.1980|666|610
760.7|1316.0|555.3|33.73|1043.2|2|02.03.1973|667|898
317.8|457.64|139.8|34.64|105.2|1|18.05.2003|668|16
323.1|546.08|223.0|25.74|197.21|1|19.07.1998|669|315
929.4|1412.7|483.3|25.5|457.78|1|11.06.1983|670|881
433.5|745.66|312.1|25.95|1144.7|4|28.03.2005|671|648
234.0|341.66|107.6|30.31|386.68|5|03.02.1994|672|309
248.3|389.87|141.5|34.82|533.64|5|03.03.1970|673|904
557.7|1081.9|524.2|18.46|1011.5|2|27.04.1982|674|298
645.8|1130.2|484.4|23.51|2304.3|5|02.06.2000|675|684
626.2|908.01|281.8|15.66|266.14|1|27.01.1975|676|82
581.7|942.35|360.7|23.68|336.97|1|22.03.2018|677|528
760.8|1361.8|601.0|27.13|1721.6|3|03.03.1971|678|329
588.9|859.86|270.9|33.66|949.01|4|30.01.1985|679|534
745.7|1484.0|738.3|46.64|3458.1|5|01.01.1990|680|398
420.3|718.74|298.4|47.8|751.88|3|04.09.1992|681|829
799.3|1398.8|599.5|31.58|2839.6|5|16.12.1970|682|381
219.2|401.19|182.0|17.03|659.73|4|14.08.2006|683|77
913.5|1635.2|721.7|19.52|3510.9|5|24.10.1997|684|804
715.8|1302.7|586.9|43.32|2718.1|5|24.08.2001|685|483
366.9|565.09|198.1|48.31|149.84|1|04.12.2011|686|183
473.2|937.02|463.8|27.19|436.58|1|04.04.2012|687|312
519.4|997.21|477.8|20.92|1827.7|4|16.06.1980|688|159
912.2|1487.0|574.7|29.52|2180.8|4|22.04.2000|689|513
935.5|1758.7|823.2|26.62|2389.9|3|31.05.2005|690|654
450.6|797.5|346.9|33.76|313.17|1|31.08.1975|691|809
435.0|709.13|274.1|13.52|1042.2|4|25.03.2022|692|767
328.0|596.99|269.0|19.62|997.41|4|24.07.1977|693|312
369.2|539.09|169.8|20.24|448.82|3|08.05.2020|694|604
277.3|488.01|210.7|30.02|361.43|2|25.12.1974|695|204
154.3|254.54|100.3|16.15|252.37|3|05.11.1972|696|175
721.6|1421.5|699.9|18.66|3406.4|5|18.06.2017|697|909
852.5|1364.1|511.5|33.15|2391.8|5|28.04.1979|698|342
503.2|920.92|417.7|18.42|1996.3|5|17.02.2006|699|101
784.0|1419.0|635.0|39.18|2383.3|4|02.03.2001|700|443
817.1|1266.6|449.4|33.69|2078.7|5|25.07.2020|701|78
894.8|1574.8|680.0|49.31|630.71|1|21.10.1986|702|548
918.0|1799.2|881.3|29.17|4260.4|5|06.05.2000|703|553
183.5|308.25|124.8|49.77|300.02|4|01.03.1997|704|80
923.1|1477.0|553.9|10.56|2716.5|5|14.10.2003|705|189
128.4|238.82|110.4|36.17|296.99|4|01.11.2006|706|895
588.7|906.65|317.9|12.79|1220.5|4|21.01.1987|707|352
719.1|1323.1|604.0|43.87|1680.4|3|22.05.1984|708|897
252.4|466.98|214.6|10.86|814.81|4|19.06.2017|709|46
663.1|1200.3|537.1|42.66|2472.5|5|08.06.1987|710|382
673.9|1165.9|492.0|36.93|1365.1|3|31.10.1997|711|162
946.8|1723.1|776.4|34.31|2226.2|3|11.03.1994|712|330
895.1|1342.7|447.6|12.6|2174.9|5|25.07.2018|713|874
587.9|1117.0|529.1|27.73|1504.1|3|07.05.1980|714|473
530.8|854.52|323.8|13.14|310.62|1|29.11.1978|715|944
175.1|330.99|155.9|36.48|358.15|3|22.09.1998|716|619
512.1|1013.9|501.8|22.2|479.64|1|14.08.2009|717|568
484.9|741.91|257.0|37.49|219.52|1|18.05.1988|718|238
341.7|666.38|324.6|25.1|898.64|3|19.10.1989|719|317
430.4|731.68|301.3|21.55|279.73|1|13.06.2012|720|252
746.9|1097.9|351.0|34.4|1266.5|4|13.05.1989|721|215
953.7|1583.1|629.4|48.06|1162.7|2|29.07.1988|722|97
280.8|508.22|227.4|43.18|552.76|3|02.04.1972|723|265
371.3|672.03|300.7|18.09|282.65|1|21.05.2003|724|176
262.0|413.91|151.9|14.15|688.98|5|13.11.1995|725|687
696.3|1274.3|578.0|30.59|1094.7|2|03.07.2009|726|425
755.8|1398.2|642.4|39.7|2410.9|4|11.05.1995|727|860
134.4|228.48|94.08|23.55|282.12|4|31.10.2002|728|256
151.5|299.9|148.4|46.46|203.96|2|26.05.2019|729|840
519.4|997.21|477.8|43.84|433.99|1|25.08.1986|730|159
156.1|309.02|152.9|20.14|531.23|4|28.10.1995|731|534
688.9|1136.7|447.8|22.48|850.63|2|20.08.1977|732|125
168.8|325.82|157.0|12.05|289.91|2|24.02.1978|733|378
230.5|382.61|152.1|27.54|124.58|1|21.07.2017|734|827
399.0|578.61|179.6|39.41|280.33|2|19.12.1997|735|998
626.1|920.41|294.3|44.59|499.37|2|14.11.1972|736|338
865.2|1263.2|398.0|42.53|1421.9|4|29.03.2006|737|17
252.1|481.61|229.5|32.31|591.44|3|25.12.2012|738|35
496.1|962.5|466.4|13.28|1359.2|3|08.12.2018|739|842
691.2|1140.5|449.3|31.03|836.53|2|01.06.2012|740|416
780.0|1505.3|725.4|17.16|2124.6|3|11.12.2002|741|31
229.6|344.39|114.8|33.14|81.655|1|04.11.1971|742|130
805.2|1280.2|475.1|32.53|1327.6|3|04.03.2022|743|498
251.7|463.21|211.5|49.19|486.81|3|05.09.2022|744|899
971.7|1729.5|757.9|24.12|2935.1|4|11.09.1984|745|452
894.3|1404.0|509.7|48.56|1844.7|4|15.08.1991|746|824
191.6|308.5|116.9|10.1|427.16|4|18.12.1974|747|795
240.3|439.73|199.4|27.6|687.38|4|26.12.1990|748|547
874.1|1311.1|437.0|24.39|412.65|1|20.07.1999|749|496
823.3|1498.4|675.1|16.0|659.11|1|30.03.1996|750|956
485.7|951.96|466.3|15.5|2253.8|5|28.09.1986|751|567
782.5|1533.7|751.2|30.49|720.7|1|24.11.1999|752|94
347.9|511.37|163.5|30.91|397.78|3|10.08.1997|753|166
447.9|667.38|219.5|38.97|541.52|3|02.02.2003|754|17
657.4|1124.1|466.7|42.14|1698.4|4|25.04.2012|755|98
633.6|975.74|342.1|10.6|331.54|1|11.11.1997|756|91
527.1|906.59|379.5|43.06|1009.3|3|15.03.2000|757|121
599.0|1006.4|407.4|20.21|1935.7|5|18.11.1979|758|205
887.0|1507.9|620.9|38.75|2328.5|4|16.11.1971|759|739
717.7|1098.0|380.4|37.31|686.11|2|07.08.1992|760|11
528.1|903.04|374.9|13.72|722.45|2|02.09.1997|761|110
929.2|1412.4|483.2|29.09|1362.3|3|21.03.2014|762|74
473.2|865.95|392.8|32.51|1080.7|3|09.10.1990|763|679
717.7|1098.0|380.4|27.28|706.16|2|09.10.1990|764|11
385.9|737.1|351.2|44.23|1534.7|5|19.06.1981|765|625
215.6|420.43|204.8|16.62|752.82|4|28.06.2022|766|535
773.7|1539.7|766.0|29.34|3683.1|5|05.01.1971|767|579
782.7|1369.7|587.0|12.82|2296.7|4|02.02.1993|768|19
308.5|573.85|265.3|29.7|942.5|4|25.01.2009|769|331
702.3|1158.8|456.5|31.49|1700.0|4|23.05.1980|770|365
998.4|1717.2|718.8|46.93|1343.8|2|13.09.1977|771|629
949.6|1690.4|740.7|22.8|717.93|1|20.12.1980|772|255
679.4|1134.5|455.2|45.35|2049.1|5|21.03.1980|773|368
373.4|694.5|321.1|34.89|286.22|1|14.12.2010|774|303
131.2|225.71|94.48|18.54|227.83|3|04.08.1997|775|890
152.4|237.78|85.36|46.13|78.446|2|30.05.1988|776|612
407.5|717.12|309.7|18.5|582.32|2|15.10.1995|777|673
179.6|278.38|98.78|44.2|272.88|5|19.07.2011|778|293
537.6|811.81|274.2|20.34|253.85|1|23.08.2007|779|633
625.9|1026.4|400.5|49.12|1054.3|3|18.07.2006|780|56
364.9|583.8|218.9|48.71|851.06|5|13.06.1984|781|721
946.4|1892.9|946.4|20.41|3704.1|4|05.02.2021|782|724
368.1|681.02|312.9|31.37|1407.7|5|02.08.2007|783|406
850.1|1683.2|833.1|10.37|1645.5|2|20.07.2003|784|163
944.3|1359.7|415.5|38.27|1508.8|4|30.11.2021|785|853
410.5|804.64|394.1|17.46|1506.6|4|15.08.1982|786|618
612.9|937.72|324.8|34.13|1453.5|5|03.01.2002|787|352
905.0|1674.2|769.2|21.06|2992.7|4|10.12.2017|788|119
228.3|447.53|219.2|13.22|823.92|4|16.10.2002|789|7
201.0|337.65|136.7|18.17|355.49|3|05.05.2007|790|262
869.9|1374.4|504.5|12.36|2460.8|5|23.07.1981|791|285
238.9|413.26|174.4|38.57|679.06|5|19.11.1982|792|129
323.1|546.08|223.0|28.8|194.15|1|19.05.1976|793|315
475.5|822.63|347.1|31.94|1575.9|5|09.07.1988|794|80
602.1|1126.0|523.9|36.2|1463.0|3|01.12.1982|795|959
749.0|1363.1|614.2|46.84|567.32|1|01.09.1994|796|235
700.1|1057.1|357.0|28.84|656.42|2|19.01.1993|797|652
432.3|648.47|216.2|20.79|586.09|3|26.06.1993|798|905
929.2|1412.4|483.2|23.71|1837.9|4|19.06.2018|799|74
853.3|1604.3|750.9|45.21|2822.9|4|30.07.2017|800|844
215.7|310.61|94.91|43.37|257.68|5|01.04.1986|801|265
532.1|931.16|399.1|49.88|349.18|1|13.07.1997|802|603
475.5|822.63|347.1|11.26|1007.6|3|11.02.1973|803|80
655.8|1009.9|354.1|44.47|929.0|3|29.02.1984|804|738
422.8|739.89|317.1|43.32|1368.9|5|20.03.2020|805|37
839.3|1242.2|402.9|48.73|708.31|2|01.04.1971|806|503
659.0|1225.7|566.7|40.58|1052.3|2|11.01.2015|807|640
903.0|1643.4|740.5|45.62|2084.5|3|14.02.2011|808|764
326.8|513.0|186.2|48.46|413.36|3|01.11.2006|809|411
154.9|258.72|103.8|15.88|351.68|4|24.08.1984|810|236
642.1|937.43|295.4|48.72|246.64|1|29.12.2017|811|728
376.5|632.5|256.0|33.56|444.91|2|04.02.1994|812|308
868.0|1562.4|694.4|38.17|2624.9|4|17.03.1989|813|135
450.1|873.2|423.1|29.83|786.53|2|18.06.1984|814|990
334.3|494.76|160.5|11.3|298.34|2|21.05.1995|815|477
172.3|344.56|172.3|16.06|624.89|4|31.08.2021|816|192
952.2|1656.8|704.6|16.0|3443.1|5|04.02.1974|817|341
411.8|757.75|345.9|42.92|606.02|2|27.06.1980|818|203
383.7|667.63|283.9|16.53|802.2|3|05.03.2006|819|217
534.5|999.52|465.0|15.78|1797.0|4|19.12.1984|820|685
990.1|1851.5|861.4|22.75|838.66|1|08.12.1976|821|779
613.4|1128.6|515.2|48.24|2334.9|5|26.06.1999|822|171
904.4|1528.5|624.1|12.55|1223.0|2|12.08.2009|823|35
753.7|1281.3|527.6|47.88|2398.6|5|28.05.2000|824|188
897.6|1552.9|655.3|18.13|1911.4|3|08.02.2003|825|421
179.5|271.09|91.56|34.42|285.68|5|29.05.2007|826|81
238.0|387.91|149.9|44.55|421.52|4|12.12.1996|827|877
719.3|1158.1|438.8|14.36|1697.6|4|24.01.1982|828|598
617.7|1130.5|512.7|21.47|491.26|1|14.10.1972|829|663
858.5|1717.1|858.5|39.38|2457.5|3|16.02.2013|830|295
243.1|388.9|145.8|40.35|421.93|4|24.04.1998|831|812
913.2|1771.5|858.4|19.3|4195.4|5|02.07.1973|832|163
817.1|1266.6|449.4|12.56|436.87|1|24.03.2007|833|78
776.9|1344.0|567.1|40.72|526.39|1|30.12.1988|834|942
323.8|524.52|200.7|23.64|354.2|2|07.06.1993|835|553
635.7|1004.3|368.7|26.75|683.87|2|05.09.1999|836|771
658.8|975.1|316.2|11.78|304.47|1|04.11.2011|837|822
987.5|1589.9|602.4|16.43|1171.9|2|04.06.2017|838|217
283.4|504.41|221.0|21.11|199.93|1|25.04.2018|839|322
339.7|591.04|251.4|24.83|679.59|3|05.12.1981|840|679
976.5|1689.3|712.8|14.0|698.83|1|09.11.2009|841|849
966.2|1574.9|608.7|40.2|1137.0|2|11.06.1972|842|425
655.4|970.01|314.6|36.87|833.17|3|08.10.1983|843|580
134.0|225.1|91.11|49.73|41.378|1|06.02.2006|844|309
566.3|1064.6|498.3|14.85|966.9|2|02.04.2014|845|329
998.9|1558.3|559.4|43.55|2579.2|5|03.02.2014|846|952
495.0|960.26|465.3|32.62|1730.6|4|11.04.1987|847|432
819.2|1491.0|671.8|16.23|2622.2|4|09.07.2017|848|704
587.8|946.39|358.6|14.92|343.65|1|06.07.1973|849|174
326.1|479.42|153.3|46.54|533.72|5|18.07.2020|850|146
462.3|688.85|226.5|29.64|196.9|1|03.02.1983|851|689
978.5|1506.9|528.4|12.02|1032.7|2|25.06.1994|852|854
986.9|1648.2|661.2|17.17|2576.3|4|27.11.2016|853|118
648.0|1192.3|544.3|21.99|1567.0|3|25.06.1983|854|686
596.2|888.3|292.1|36.78|1276.7|5|16.06.2001|855|246
805.2|1280.2|475.1|49.48|2127.9|5|25.07.1981|856|498
458.6|830.05|371.5|46.8|1623.3|5|30.11.1977|857|503
460.6|759.97|299.4|11.67|1150.9|4|30.10.1988|858|218
453.1|657.02|203.9|26.18|710.88|4|12.02.1970|859|110
496.4|714.8|218.4|15.82|405.18|2|13.05.1990|860|228
590.1|1020.8|430.7|29.29|802.92|2|10.05.1972|861|431
137.9|237.13|99.26|36.64|62.628|1|11.06.1984|862|99
459.7|859.64|399.9|27.46|744.96|2|11.09.1980|863|496
268.6|424.36|155.8|32.79|614.96|5|12.02.1989|864|308
614.1|1050.1|436.0|16.36|1678.5|4|12.06.2002|865|24
607.1|959.27|352.1|15.98|672.31|2|22.12.2021|866|766
361.1|650.05|288.9|20.25|537.32|2|07.11.2015|867|880
896.4|1765.9|869.5|19.72|1699.6|2|31.12.2006|868|86
498.2|971.45|473.3|11.99|1383.8|3|10.11.2006|869|228
139.3|242.33|103.1|24.39|393.36|5|18.08.2002|870|549
957.6|1694.9|737.3|31.09|2118.8|3|30.05.1976|871|445
289.9|449.42|159.5|13.76|582.85|4|19.11.2016|872|402
581.7|942.35|360.7|13.88|1733.9|5|31.07.1971|873|528
230.3|458.28|228.0|17.09|421.8|2|09.09.1982|874|403
395.6|565.67|170.1|19.79|751.5|5|22.08.2005|875|550
747.1|1240.2|493.1|12.93|960.34|2|22.08.2022|876|378
548.0|942.53|394.5|27.25|1469.2|4|06.06.1997|877|391
298.8|567.73|268.9|35.52|700.22|3|19.09.2016|878|759
629.0|1157.4|528.4|18.46|1529.7|3|01.08.2007|879|104
978.7|1879.2|900.4|21.67|3515.0|4|09.02.2012|880|196
706.0|1383.8|677.8|36.65|2564.5|4|26.02.2005|881|109
650.9|1223.6|572.8|35.08|1613.1|3|16.02.1973|882|749
346.5|682.62|336.1|49.93|858.54|3|26.03.1993|883|238
866.9|1525.7|658.8|46.31|2450.0|4|21.10.2021|884|911
451.9|664.31|212.4|27.47|554.8|3|09.09.1974|885|970
349.1|663.22|314.2|13.01|301.15|1|19.05.2010|886|201
158.8|287.46|128.6|43.9|254.21|3|20.12.2003|887|693
609.0|1090.1|481.1|20.15|1382.9|3|01.11.2004|888|120
925.1|1674.4|749.3|38.74|2842.4|4|27.10.2015|889|851
592.8|984.04|391.2|48.58|1028.0|3|22.10.2018|890|600
555.2|993.83|438.6|35.72|1611.6|4|15.03.1973|891|307
943.5|1377.5|434.0|16.35|835.29|2|13.12.2003|892|108
704.3|1042.4|338.1|38.54|898.6|3|07.04.1994|893|492
576.1|1111.9|535.8|19.71|2064.4|4|11.01.2019|894|165
299.8|533.71|233.9|24.26|419.22|2|20.05.2016|895|378
494.5|944.55|450.0|16.83|1732.8|4|15.11.1987|896|19
249.4|361.65|112.2|13.12|297.36|3|01.12.1997|897|180
769.1|1368.9|599.9|45.06|554.81|1|12.01.2009|898|764
899.3|1438.9|539.6|11.67|1055.9|2|11.01.1977|899|55
493.0|941.54|448.6|49.4|399.19|1|09.06.1977|900|804
913.1|1506.5|593.5|29.13|1128.7|2|14.09.1980|901|153
911.2|1776.9|865.7|32.49|4165.9|5|19.12.2019|902|967
752.1|1368.8|616.7|11.5|1815.7|3|30.06.2009|903|217
669.2|1338.4|669.2|11.73|1315.0|2|02.10.2020|904|769
615.8|1003.7|387.9|15.86|1116.2|3|09.11.2014|905|152
589.1|1019.1|430.0|34.7|395.31|1|05.07.2003|906|7
435.8|706.03|270.2|41.26|1144.7|5|15.07.2020|907|335
717.7|1155.5|437.8|20.29|417.51|1|10.05.2002|908|489
572.2|818.2|246.0|27.44|655.78|3|06.04.1987|909|579
483.4|850.77|367.4|11.63|355.74|1|06.01.2019|910|308
530.3|1044.6|514.3|32.87|1444.4|3|29.10.1970|911|90
578.7|983.87|405.1|33.05|1860.4|5|30.09.1975|912|279
639.1|1227.0|587.9|31.13|2784.1|5|22.07.1983|913|785
578.3|919.54|341.2|19.79|642.85|2|01.08.2019|914|692
946.1|1835.4|889.3|26.28|3452.2|4|08.12.1974|915|893
519.4|997.21|477.8|21.69|2280.7|5|30.01.1983|916|159
757.4|1401.1|643.7|17.07|2506.7|4|30.04.1979|917|780
696.0|1197.1|501.1|18.7|1447.2|3|20.12.1971|918|733
238.3|455.15|216.9|32.51|368.69|2|04.04.1984|919|955
192.5|292.62|100.1|29.19|283.67|4|12.12.1982|920|943
768.6|1214.5|445.8|37.12|1226.1|3|22.03.1973|921|985
873.6|1633.6|760.0|27.55|732.49|1|12.05.1988|922|455
850.5|1318.3|467.8|18.8|897.97|2|18.12.1995|923|555
645.5|961.73|316.3|14.9|904.13|3|09.10.1980|924|426
661.6|1316.7|655.0|16.13|1277.8|2|11.12.1980|925|729
186.4|337.31|151.0|14.35|136.6|1|23.11.1989|926|549
707.9|1139.7|431.8|15.25|1666.2|4|16.04.2019|927|540
678.5|1092.4|413.9|11.58|402.32|1|22.11.2004|928|85
437.6|831.53|393.9|37.5|1781.9|5|04.11.1988|929|429
329.0|644.87|315.9|33.45|1129.6|4|31.07.1987|930|93
913.6|1379.6|466.0|12.07|2269.4|5|15.12.2009|931|394
247.1|360.7|113.6|20.54|186.2|2|30.11.2018|932|558
414.8|593.23|178.4|44.25|134.14|1|30.07.1992|933|614
304.1|489.61|185.5|30.08|466.27|3|18.06.1998|934|346
481.2|957.63|476.4|29.51|2234.5|5|06.08.1978|935|551
289.1|549.35|260.2|21.1|1195.6|5|17.09.2020|936|717
742.4|1158.1|415.7|27.24|1942.4|5|14.12.1976|937|94
594.0|986.04|392.0|13.81|1512.9|4|19.03.1993|938|74
462.6|851.17|388.6|22.75|1463.3|4|29.12.1998|939|954
992.6|1856.2|863.6|33.33|3320.9|4|03.02.1980|940|616
898.5|1329.8|431.3|35.7|791.16|2|24.10.1986|941|748
640.9|993.36|352.5|12.55|1019.8|3|09.11.1995|942|341
258.0|381.9|123.9|46.55|154.62|2|13.07.2022|943|704
235.9|408.07|172.2|22.83|746.81|5|11.10.1981|944|573
137.3|219.75|82.41|20.15|186.77|3|17.04.1999|945|649
361.2|689.96|328.7|36.73|583.97|2|07.12.1974|946|572
220.4|392.32|171.9|26.85|290.12|2|15.11.2018|947|803
292.7|421.5|128.8|12.42|465.5|4|28.06.1985|948|881
272.8|444.66|171.9|18.02|307.69|2|10.12.1991|949|321
407.4|733.28|325.9|43.0|1131.6|4|10.03.1980|950|94
530.8|790.86|260.1|12.34|1238.7|5|25.12.1987|951|660
979.2|1517.8|538.6|47.34|491.24|1|25.01.1976|952|249
256.4|417.99|161.6|40.8|120.75|1|02.04.1973|953|933
864.1|1572.7|708.6|37.95|2011.9|3|07.06.1976|954|0
803.8|1189.7|385.8|14.64|1856.0|5|30.01.2017|955|67
652.1|1297.7|645.6|26.24|2477.4|4|14.04.1991|956|771
803.8|1189.7|385.8|43.38|1369.8|4|29.07.1980|957|67
394.7|651.28|256.6|44.53|848.15|4|19.06.2012|958|343
829.4|1443.1|613.7|37.94|2303.2|4|19.09.1991|959|508
310.2|524.28|214.1|19.23|194.82|1|13.10.1977|960|318
769.7|1470.1|700.4|43.2|1314.4|2|23.10.1993|961|884
488.4|849.81|361.4|16.49|1724.6|5|13.06.1972|962|803
289.1|549.35|260.2|18.39|967.3|4|18.12.2000|963|717
791.9|1235.3|443.5|48.78|1973.4|5|26.05.1987|964|499
531.0|849.64|318.6|34.73|1135.5|4|10.03.1979|965|169
805.4|1482.0|676.6|49.73|1880.5|3|13.10.2019|966|904
839.5|1343.1|503.7|33.79|939.79|2|27.06.1998|967|537
850.4|1658.2|807.8|32.13|1551.4|2|27.02.1989|968|933
961.0|1508.7|547.8|31.97|1547.3|3|24.12.1988|969|397
787.0|1196.2|409.2|41.64|367.57|1|21.09.1996|970|227
467.0|859.34|392.3|40.33|703.95|2|29.08.1991|971|937
690.0|1345.5|655.5|32.47|623.02|1|12.09.2019|972|50
767.0|1457.3|690.3|27.9|1324.8|2|15.08.2000|973|445
168.0|317.44|149.5|20.48|516.02|4|17.07.1986|974|570
335.5|580.37|244.9|48.34|393.12|2|23.02.1999|975|461
869.9|1374.4|504.5|14.34|980.37|2|15.11.1986|976|285
508.2|884.32|376.1|15.8|1080.9|3|30.07.1986|977|281
530.8|992.62|461.8|26.04|1743.1|4|07.10.2009|978|38
530.8|790.86|260.1|36.64|223.44|1|13.01.2010|979|660
704.9|1240.7|535.8|15.48|520.28|1|17.09.2000|980|479
169.8|252.99|83.2|38.98|44.224|1|02.08.2013|981|156
293.8|567.06|273.2|44.16|229.08|1|23.08.1970|982|836
123.5|233.47|109.9|34.6|301.38|4|25.07.1990|983|666
812.5|1170.0|357.5|34.91|645.17|2|06.07.2020|984|899
728.8|1166.2|437.3|19.89|2087.1|5|30.07.2010|985|949
172.3|344.56|172.3|21.4|301.77|2|31.03.1992|986|192
315.6|520.75|205.1|40.33|824.05|5|12.05.1993|987|972
954.8|1909.6|954.8|34.97|919.8|1|18.10.2003|988|397
735.4|1257.6|522.2|39.98|964.36|2|05.06.1980|989|659
496.4|714.8|218.4|18.71|599.11|3|13.08.1971|990|228
424.2|670.29|246.1|11.03|235.03|1|06.06.2012|991|84
892.5|1758.2|865.7|46.51|819.22|1|28.05.1982|992|115
444.5|729.0|284.5|31.83|1010.6|4|29.05.2022|993|204
814.9|1491.3|676.4|45.53|2523.3|4|28.07.2020|994|989
756.8|1203.2|446.5|49.34|397.14|1|15.09.2008|995|610
309.9|536.04|226.2|49.0|708.77|4|16.07.1992|996|239
240.4|447.12|206.7|27.63|537.31|3|07.08.1986|997|517
887.1|1694.4|807.3|33.77|1547.0|2|15.07.2000|998|412
730.8|1374.0|643.1|18.78|2497.5|4|05.06.1995|999|83
660.6|1308.0|647.4|33.54|2455.5|4|20.08.2006|1000|612
