38|1|864.1|82|4.79
446|2|735.0|72|0.389
666|2|880.3|59|6.18
822|3|388.9|100|8.51
167|3|606.3|60|7.36
654|3|725.8|91|1.1
25|3|175.9|84|3.9
931|3|451.1|62|5.71
371|4|343.4|99|9.23
590|4|717.3|53|4.47
280|4|432.0|51|6.19
275|4|221.5|74|7.02
502|4|981.3|49|9.01
778|5|411.1|75|0.279
892|5|762.2|82|3.16
89|5|708.3|73|2.77
976|6|228.4|80|3.94
513|6|660.1|49|3.31
926|6|395.5|82|7.41
603|7|846.1|75|5.2
380|8|640.6|75|5.31
694|8|589.1|73|2.4
941|8|625.2|53|2.64
918|8|637.7|68|1.51
667|8|228.3|96|3.81
912|9|871.8|51|6.61
739|10|877.4|85|4.68
755|10|296.2|81|7.6
750|10|637.5|87|4.04
24|10|524.1|46|8.89
191|11|889.2|67|0.108
458|11|531.5|71|2.97
249|11|249.1|97|7.03
386|11|351.5|91|5.17
209|12|724.4|65|5.3
487|12|703.9|65|5.43
629|12|717.7|53|8.75
757|13|928.9|44|0.215
766|13|985.8|89|7.49
280|13|895.5|46|2.75
817|13|509.3|48|0.529
998|14|624.8|52|7.53
942|14|765.6|97|1.93
160|15|969.6|64|5.68
598|15|489.4|75|0.919
994|15|329.2|56|3.73
380|15|152.6|95|3.34
899|15|598.7|56|2.46
969|16|139.3|83|7.92
652|16|489.9|64|5.84
501|16|699.2|65|0.878
788|16|540.2|99|8.4
976|17|317.8|44|5.51
527|17|563.5|57|4.6
642|17|319.1|69|1.73
894|17|957.3|87|2.48
730|17|218.0|47|9.33
782|18|865.2|46|6.85
806|18|353.7|90|2.62
364|18|447.9|49|8.12
903|19|494.1|70|3.63
718|19|538.0|76|2.15
501|20|782.7|75|4.44
129|20|494.5|91|0.0625
798|20|367.8|83|5.59
492|20|483.8|62|3.06
840|20|467.0|92|1.8
219|21|210.5|85|3.71
517|21|473.7|98|7.43
406|22|344.9|69|7.62
373|22|641.4|79|1.43
929|23|830.5|44|3.38
73|23|831.0|49|3.37
854|23|639.4|77|8.24
509|24|347.6|97|3.15
390|24|510.0|77|2.44
857|24|342.1|69|6.5
201|25|135.7|58|3.6
281|25|496.8|48|3.36
476|25|614.1|71|8.45
522|26|662.0|84|4.68
605|27|610.7|59|5.38
463|27|268.5|43|1.95
973|27|240.0|57|9.18
447|27|387.0|49|2.54
955|27|265.5|55|4.37
150|28|753.5|78|4.54
336|28|432.9|80|6.91
589|28|313.5|51|3.52
685|28|148.6|96|7.33
352|28|633.5|96|9.25
886|29|158.9|53|0.866
673|30|522.6|98|2.06
663|30|772.4|100|1.09
209|31|791.5|60|2.73
802|31|247.6|72|3.11
460|31|211.9|69|7.79
611|31|752.5|88|6.95
203|32|182.3|66|2.38
84|32|780.0|93|1.3
477|32|929.4|87|7.24
730|33|738.4|85|8.97
332|33|650.3|83|5.14
858|33|624.2|93|2.07
918|33|710.7|96|5.76
240|33|399.9|57|0.118
984|34|408.6|60|9.56
23|34|481.1|59|5.59
680|34|556.1|64|8.93
834|35|268.1|98|4.2
466|36|532.4|64|7.83
585|36|571.6|72|3.9
456|36|252.1|91|2.97
32|36|904.4|69|5.62
620|37|230.4|96|0.916
821|38|422.8|75|0.489
151|38|588.4|85|4.3
842|39|221.3|65|6.41
769|39|660.3|65|9.09
787|39|166.6|65|2.29
117|39|857.6|90|2.75
489|39|530.8|87|8.81
345|40|228.5|98|7.1
597|40|511.7|91|0.666
973|40|523.1|76|3.53
421|41|462.4|77|2.18
655|41|666.3|58|7.83
144|41|596.3|55|9.99
732|41|222.7|45|9.97
730|41|208.2|51|9.3
668|42|808.2|95|3.57
787|42|845.0|82|9.16
137|42|134.2|89|2.35
552|43|689.7|52|1.34
326|44|356.2|44|3.11
504|44|305.5|90|4.51
829|44|665.7|43|7.88
221|44|175.5|68|0.6
571|45|699.5|53|8.95
499|45|752.3|73|2.41
343|45|468.4|55|8.17
199|46|810.9|64|5.48
418|46|617.6|86|5.48
281|46|962.6|51|8.73
258|46|379.9|96|8.13
915|46|984.8|58|2.17
609|47|202.7|47|2.89
18|47|419.5|87|7.06
446|47|518.6|64|1.18
579|47|252.4|85|8.14
827|47|877.8|77|4.85
624|48|612.4|90|9.01
429|48|740.6|50|1.54
37|48|230.0|53|7.16
192|48|902.5|89|4.43
10|49|619.5|94|2.32
700|50|323.2|63|1.84
231|51|723.0|62|8.03
308|51|471.3|70|6.15
241|51|351.4|82|5.66
21|51|690.0|95|5.32
392|51|141.6|79|5.67
490|52|727.6|84|9.61
466|52|345.1|87|9.15
705|53|784.8|55|3.98
148|53|555.1|78|8.13
160|53|381.7|96|5.55
195|54|265.2|86|9.35
487|54|954.1|99|0.42
867|54|485.3|52|4.69
748|54|330.0|91|7.15
881|54|143.4|62|5.56
678|55|204.2|73|5.55
326|55|906.5|47|4.29
103|55|204.8|53|5.07
773|55|418.4|98|4.71
911|56|139.3|73|2.34
507|56|716.8|45|1.22
778|56|593.3|47|9.78
77|56|899.3|60|5.36
925|57|656.9|75|2.84
285|57|625.9|64|6.77
349|57|427.6|71|3.9
636|58|583.1|45|8.64
554|59|504.7|72|3.11
342|59|788.5|78|9.83
967|59|126.7|44|4.99
812|60|135.0|45|9.92
902|60|689.5|47|5.24
108|60|847.4|60|8.28
451|61|560.2|57|9.29
430|61|493.6|81|5.1
217|61|973.3|76|3.03
72|61|516.7|73|4.21
3|61|679.6|76|2.42
324|62|973.2|97|6.04
879|62|618.1|85|0.566
646|63|126.3|47|1.34
975|64|395.1|46|6.08
986|65|503.7|84|4.69
357|65|906.3|86|8.71
128|65|306.8|77|9.46
782|65|199.3|66|1.97
751|66|328.9|66|2.25
45|66|713.2|91|1.72
258|66|589.0|83|4.3
885|66|621.9|60|1.17
65|67|635.7|44|9.39
576|67|447.7|85|8.34
61|67|643.3|64|9.66
447|67|557.7|86|1.25
698|68|803.8|48|3.71
267|68|626.2|70|5.16
796|68|139.4|94|3.34
103|69|184.8|94|9.35
102|70|330.9|59|0.28
372|70|429.6|62|2.16
914|71|435.6|56|2.34
457|71|436.0|53|6.33
744|71|191.0|71|6.04
870|72|256.1|60|4.31
966|73|142.7|76|0.293
56|73|458.6|54|5.53
218|73|924.4|97|9.42
953|73|565.6|100|4.78
447|73|960.9|60|8.11
505|74|351.2|76|2.66
243|74|787.1|60|3.81
695|74|873.7|51|3.29
316|74|355.3|47|8.73
510|75|929.2|52|0.273
300|75|974.7|67|6.18
284|75|594.0|66|6.23
563|76|467.9|92|3.16
779|77|307.7|69|7.18
307|78|769.9|78|8.53
323|78|219.2|83|2.56
618|78|908.8|65|3.57
870|78|304.4|81|9.38
979|79|433.3|57|8.12
658|79|817.1|55|6.2
364|80|255.1|84|5.1
823|80|826.5|83|9.07
609|80|945.0|78|7.59
251|80|799.5|60|7.32
206|81|815.3|84|3.03
781|81|579.5|49|1.37
810|81|183.5|68|4.63
116|81|570.0|58|9.13
519|81|475.5|73|0.335
85|82|767.3|54|9.65
854|82|443.9|50|7.03
506|82|169.5|43|6.42
792|82|840.6|60|3.61
921|82|179.5|51|1.84
98|83|626.2|45|8.83
498|83|921.9|44|9.93
100|83|753.6|82|2.3
794|83|272.0|69|1.67
295|83|709.7|85|4.75
535|84|134.5|92|2.11
291|84|730.8|88|4.09
740|85|424.2|58|3.9
304|85|921.4|69|1.17
729|85|885.3|76|5.57
737|86|476.2|96|5.68
203|86|359.6|43|0.652
849|86|678.5|61|6.51
398|87|534.1|48|4.42
920|87|872.0|88|6.89
367|87|200.3|51|4.84
512|87|796.5|48|7.03
991|87|896.4|97|2.77
759|88|842.1|83|6.65
261|88|447.8|60|6.81
872|88|363.6|74|5.93
812|88|215.1|47|3.06
229|88|801.2|93|4.4
126|89|508.7|82|8.66
733|89|630.2|58|4.24
843|89|618.4|69|7.57
597|90|347.7|97|1.8
220|90|610.2|66|9.87
917|91|221.0|64|7.25
497|91|530.3|97|0.352
584|91|439.7|64|3.48
271|92|341.0|55|5.86
646|92|691.6|90|7.55
997|92|633.6|54|2.5
329|92|300.3|60|1.56
127|93|976.1|85|5.24
803|94|542.6|45|7.44
391|94|329.0|96|9.67
586|94|470.6|90|4.3
209|94|586.8|47|7.43
502|95|782.5|96|3.89
605|95|232.3|44|9.66
892|95|742.4|56|1.31
988|95|407.4|80|9.17
168|95|535.6|99|2.78
111|96|552.2|73|6.17
984|96|749.3|73|0.891
128|97|967.7|68|3.52
547|98|462.9|43|5.22
973|98|953.7|66|6.78
858|98|434.8|99|1.75
502|98|862.7|79|7.64
989|99|382.8|60|6.65
689|99|657.4|71|0.313
124|100|137.9|72|4.33
100|100|928.3|58|8.13
381|100|256.9|99|6.81
937|100|488.5|87|0.481
837|100|199.0|56|4.19
9|101|874.0|68|8.1
59|102|321.0|53|2.19
420|102|503.2|83|2.12
818|102|815.0|76|5.17
996|103|163.6|65|8.1
680|103|748.0|77|6.36
284|103|986.2|93|2.89
695|103|130.6|96|7.81
731|104|140.8|89|0.861
431|104|239.6|86|8.19
867|104|411.4|89|8.17
774|105|577.7|77|9.9
724|105|236.9|81|0.0665
407|105|497.7|75|4.32
654|105|538.2|85|6.05
491|105|629.0|84|8.69
768|106|935.8|57|4.34
500|106|727.1|76|7.72
536|106|405.4|91|8.51
475|106|906.5|85|9.31
318|107|732.7|75|6.41
620|107|671.0|47|4.63
495|108|789.1|75|8.92
22|108|551.0|59|0.244
469|108|838.3|88|4.49
350|108|557.3|69|7.45
986|108|581.1|45|0.596
794|109|329.9|61|3.63
133|109|943.5|46|4.85
952|110|706.0|96|2.73
316|110|454.2|75|6.45
380|111|528.1|71|8.16
473|111|453.1|45|1.95
523|111|301.8|88|9.22
973|111|426.0|92|3.72
348|112|301.0|100|6.75
162|113|688.9|91|6.47
890|114|456.1|55|0.786
623|114|549.6|97|0.584
266|114|587.7|46|0.0583
686|114|202.1|55|5.78
317|114|502.8|58|7.22
218|115|946.1|84|7.87
601|115|909.0|50|6.84
928|115|309.5|65|1.6
209|115|287.4|69|0.872
524|116|892.5|97|1.57
596|116|718.1|92|0.153
775|116|699.2|56|0.479
571|116|910.1|97|3.83
625|117|495.0|81|5.82
863|118|201.2|100|1.58
415|118|794.5|67|4.65
367|118|597.7|73|4.91
321|118|453.5|61|3.83
949|119|360.2|55|1.59
112|119|986.9|67|9.25
197|120|550.7|81|7.26
37|120|663.1|44|2.73
298|120|905.0|85|8.85
2|120|144.1|78|3.99
603|121|278.1|66|0.413
729|121|609.0|79|8.18
477|121|964.7|58|7.47
944|121|756.7|81|2.17
604|121|601.2|51|7.9
227|122|264.9|70|2.11
816|122|527.1|72|7.84
159|122|417.3|44|0.822
308|122|669.1|51|3.84
232|123|797.2|70|6.8
429|124|282.6|89|2.74
974|124|128.9|89|5.95
601|124|746.9|45|6.64
667|124|873.7|88|3.34
651|125|122.6|59|9.82
887|125|442.9|97|3.17
994|125|689.4|60|3.0
88|126|940.1|69|0.873
953|126|688.9|65|5.99
548|126|549.5|60|6.61
692|126|376.3|73|3.61
2|127|751.3|99|2.01
859|127|862.2|80|6.96
980|128|526.6|48|3.58
309|128|773.3|84|5.07
783|128|448.7|84|5.31
571|128|835.7|99|5.92
891|129|548.9|55|3.09
998|129|924.6|58|7.01
84|130|238.9|73|4.04
192|130|999.2|49|6.9
58|130|482.9|44|0.332
34|130|628.5|99|5.37
303|131|403.8|44|2.2
762|131|161.6|86|0.529
810|131|229.6|50|7.96
592|131|267.3|81|7.68
616|131|373.6|62|1.96
806|132|810.4|89|2.89
52|132|726.1|78|8.2
697|132|146.8|55|3.58
201|133|963.8|43|8.32
285|134|256.2|69|1.7
549|134|186.0|99|8.44
327|135|545.4|89|4.89
407|135|459.6|74|5.37
92|135|948.2|69|8.28
639|136|668.0|58|1.5
603|136|731.0|72|2.29
332|136|447.2|63|3.86
59|136|379.5|63|7.7
706|136|868.0|80|8.7
792|137|708.0|95|8.4
78|137|556.1|77|6.62
980|138|746.5|61|8.1
169|139|801.8|79|3.12
808|140|276.5|66|5.35
607|140|285.9|53|0.285
442|141|882.5|78|3.19
314|142|316.9|87|3.59
378|142|753.8|48|9.62
404|142|838.8|48|9.06
478|143|201.2|77|5.2
21|143|780.6|69|6.76
873|143|966.4|45|1.25
378|143|410.5|56|6.92
966|144|754.3|52|2.83
732|144|597.3|57|3.37
855|144|318.9|90|8.2
864|145|393.0|57|4.04
563|145|800.2|67|1.68
566|145|481.2|46|0.617
158|145|136.1|97|2.51
978|146|408.5|75|0.55
797|146|145.8|96|4.76
592|146|156.7|45|4.04
311|146|599.2|69|9.12
232|147|780.3|97|9.22
302|147|731.2|58|9.86
513|147|326.1|47|3.21
391|147|522.6|47|6.7
299|148|674.2|68|8.13
158|148|652.6|56|3.48
723|149|554.4|75|3.35
1000|149|268.1|51|6.65
777|149|854.9|53|2.8
153|149|497.0|51|4.87
546|150|426.1|53|8.86
164|150|684.0|46|5.82
557|150|757.4|63|4.65
735|150|193.2|94|0.412
920|151|534.0|85|0.484
876|152|635.9|94|6.27
321|152|875.1|86|7.4
740|153|651.8|50|8.72
925|153|615.8|63|3.27
424|153|262.2|85|0.131
360|154|913.1|65|5.9
954|154|488.5|87|5.76
189|154|878.8|49|5.41
383|154|426.7|55|0.914
334|155|915.4|97|3.11
650|155|581.6|68|0.833
557|156|667.8|56|3.78
125|157|169.8|49|9.87
916|157|878.0|98|3.67
403|157|990.1|75|8.75
871|157|930.3|71|6.41
640|158|707.5|91|3.83
358|159|226.0|67|5.55
232|159|752.1|79|4.0
179|159|700.5|65|0.767
998|160|332.7|76|3.91
848|160|651.7|98|2.89
995|160|653.8|100|4.6
967|160|924.1|77|8.36
662|160|519.4|92|2.41
684|161|834.0|75|2.13
504|161|332.1|72|2.05
637|161|451.1|50|3.61
946|161|431.8|86|1.17
368|162|762.5|49|9.65
175|162|296.3|49|1.27
501|162|922.1|58|8.82
863|162|362.9|55|4.88
562|162|949.8|88|6.44
561|163|388.2|43|9.77
766|163|673.9|73|6.78
367|164|712.1|80|0.38
676|164|913.2|94|4.4
546|164|581.1|63|8.98
984|164|850.1|98|1.7
259|165|462.1|90|6.51
373|165|162.8|82|5.48
858|165|215.8|51|4.54
271|165|920.7|57|0.766
360|165|848.7|80|7.63
926|166|576.1|93|0.748
323|166|842.0|96|6.2
397|167|728.8|64|7.37
77|167|862.9|75|0.243
999|167|686.4|63|7.79
512|167|425.7|96|3.53
956|167|347.9|47|5.44
391|168|214.4|55|5.9
59|169|197.6|72|5.25
363|169|554.1|91|9.81
67|169|903.0|69|9.0
556|169|160.4|95|5.89
798|169|986.9|58|4.84
6|170|924.8|57|7.46
229|170|157.5|94|1.94
821|170|915.0|65|1.57
300|170|531.0|60|6.95
343|170|391.8|81|4.58
394|171|951.2|59|3.33
669|171|133.8|95|5.49
818|171|167.3|54|5.04
823|171|941.6|73|5.94
934|172|127.1|90|7.78
811|172|184.6|72|9.37
948|172|613.4|84|0.858
850|172|413.2|49|4.53
678|172|691.9|92|5.31
570|173|657.9|87|0.992
897|173|760.4|63|0.479
478|174|530.5|49|1.69
438|174|557.7|55|2.63
632|175|454.9|94|4.89
895|175|262.7|96|0.218
194|175|587.8|61|9.85
567|176|129.8|95|2.53
32|176|834.8|100|1.39
388|176|300.4|94|1.45
397|176|154.3|65|9.17
168|176|476.5|86|9.98
720|177|950.3|48|8.64
507|177|971.7|87|6.72
545|177|184.8|50|6.44
687|177|371.3|81|1.23
59|178|246.6|53|7.04
283|179|784.6|51|6.82
429|180|743.8|51|9.02
197|180|657.0|43|4.33
262|180|465.7|53|1.98
835|180|269.4|80|2.77
513|180|717.3|90|3.96
553|181|974.8|72|1.0
471|181|200.6|65|8.63
907|181|735.6|63|7.06
448|181|515.5|75|6.62
639|181|249.4|45|3.97
227|182|181.4|47|0.0665
652|182|756.1|98|3.39
672|182|770.7|67|5.82
782|182|269.3|91|7.29
45|183|366.8|66|7.16
423|184|896.5|91|8.32
300|184|538.7|76|7.69
7|184|366.9|54|2.9
602|184|798.9|95|5.75
603|184|682.8|65|7.17
940|185|419.1|58|2.8
606|185|266.1|94|0.581
190|186|790.7|52|9.5
723|186|212.9|45|8.06
961|186|727.1|76|8.26
971|186|144.6|96|6.2
935|186|143.4|97|9.55
566|187|386.7|82|6.73
897|188|401.2|77|4.14
53|188|821.5|60|6.7
994|188|403.3|52|1.36
569|188|314.1|49|0.855
282|188|390.4|57|0.0542
495|189|126.2|83|1.13
172|189|982.1|46|4.24
522|189|766.1|61|2.54
643|189|753.7|70|0.178
81|189|606.3|86|1.23
10|190|741.8|45|5.24
123|190|923.1|60|1.6
217|190|898.4|70|9.81
140|191|875.2|100|4.61
814|191|590.3|98|5.61
541|191|469.1|47|5.37
317|191|365.8|52|3.3
969|192|939.9|68|5.43
129|192|942.3|62|9.29
739|192|958.1|47|5.11
513|193|496.5|96|3.75
493|193|172.3|100|4.38
790|194|515.7|51|9.98
583|195|471.0|61|9.97
505|196|283.8|89|0.837
724|196|310.1|57|1.44
580|196|576.3|47|5.33
662|196|954.5|89|2.15
59|197|277.5|95|4.32
813|197|978.7|92|9.95
1|197|962.7|83|2.06
562|197|718.9|61|1.9
3|198|473.2|64|5.81
379|198|630.6|80|3.67
495|198|149.3|48|2.48
598|199|813.5|44|8.2
742|199|848.2|80|1.61
542|199|150.3|90|9.98
361|200|977.0|93|1.49
569|200|990.3|90|9.67
636|200|738.1|43|7.56
129|201|623.5|44|2.59
427|201|354.0|59|1.53
325|201|392.4|53|0.331
47|202|413.6|62|1.35
591|202|937.4|58|7.96
425|202|154.3|50|5.81
50|202|349.1|90|6.31
401|203|726.4|68|8.54
846|203|500.7|76|9.42
722|204|257.0|86|0.15
312|204|997.8|60|4.18
371|204|411.8|84|8.58
872|204|405.0|99|9.75
225|205|581.8|77|4.23
872|205|444.5|64|0.537
212|205|277.3|76|5.31
855|205|677.8|94|0.652
351|205|444.6|85|4.3
182|206|173.7|63|4.03
538|206|599.0|68|8.87
400|206|665.9|54|6.78
473|207|769.4|84|1.55
196|207|775.6|71|6.1
112|207|207.9|87|5.04
986|207|237.6|99|8.15
65|208|204.8|53|8.29
654|208|958.1|47|1.12
334|208|734.6|73|3.71
553|208|240.2|51|0.753
465|208|950.7|56|4.63
606|209|501.9|83|7.26
698|210|430.0|53|6.42
986|211|402.6|68|6.57
979|211|437.6|47|8.09
261|211|422.1|68|0.99
303|211|468.0|66|8.71
318|211|484.5|86|8.24
968|212|506.0|58|0.933
161|212|622.5|62|1.3
31|213|628.9|85|8.3
678|213|264.9|50|3.73
950|213|558.8|45|2.52
435|213|267.1|87|5.62
357|214|715.4|93|7.59
455|214|340.7|50|7.81
405|214|626.0|69|5.12
712|214|674.0|48|0.123
819|215|363.0|76|7.65
12|216|120.9|85|3.52
562|216|746.9|47|9.35
367|216|243.5|99|0.0363
911|216|618.2|64|9.58
196|217|702.5|52|4.71
129|217|766.2|84|9.96
599|217|552.0|79|5.63
953|218|987.5|61|6.98
680|218|320.1|52|5.43
631|218|666.6|43|1.12
173|218|752.1|82|4.1
964|218|383.7|74|6.33
516|219|298.4|79|9.02
570|219|460.6|65|0.329
481|219|330.7|63|2.77
14|220|719.6|75|8.08
656|220|781.4|93|4.33
761|220|836.6|88|2.96
558|221|931.8|79|1.32
280|222|475.6|72|5.99
491|222|407.8|83|3.23
924|222|415.6|95|0.7
338|223|398.2|78|5.36
967|223|285.5|96|8.11
882|223|837.7|85|4.93
196|223|681.0|54|4.43
149|223|252.0|48|4.12
76|224|557.1|61|7.58
43|224|479.1|44|4.16
685|225|925.9|66|6.14
203|226|629.8|59|7.41
319|226|174.9|55|7.44
181|226|582.5|77|2.92
518|227|568.2|71|3.83
680|228|352.7|78|1.41
200|228|787.0|52|8.6
503|228|748.9|77|7.7
714|229|850.4|99|6.1
131|229|496.4|44|7.11
386|229|296.0|62|6.82
465|229|498.2|95|3.21
953|229|225.3|46|2.92
78|230|329.1|74|7.7
325|230|462.2|47|4.91
879|230|604.8|63|0.0132
945|231|767.2|47|6.46
762|232|151.6|87|9.78
550|233|242.5|94|2.72
440|234|200.9|79|6.34
986|234|796.0|65|2.3
50|234|660.7|79|1.39
286|234|877.8|88|3.4
202|235|207.9|91|2.28
346|236|749.0|82|9.98
798|236|923.8|93|2.84
992|236|587.1|90|1.66
175|236|964.8|44|5.05
853|237|154.9|67|2.95
214|238|774.7|70|5.73
57|239|831.6|76|3.05
929|239|346.5|97|4.66
524|239|484.9|53|0.79
349|240|309.9|73|5.75
318|240|162.8|71|0.281
800|240|809.9|81|3.55
862|240|968.9|91|0.594
244|240|671.1|49|5.77
567|241|223.7|51|0.392
449|241|544.9|90|1.57
671|242|528.1|65|7.43
962|242|148.9|43|5.18
458|243|455.5|98|1.69
870|243|318.0|95|0.43
822|243|360.6|50|5.9
729|244|653.5|92|4.03
407|244|429.7|97|6.64
576|245|571.3|89|0.118
986|245|255.6|63|0.506
587|246|657.8|44|1.72
882|246|546.8|80|8.17
881|246|188.1|45|8.6
593|247|170.4|56|2.48
397|247|425.7|66|9.66
551|247|527.7|96|1.44
581|247|596.2|49|6.71
402|247|153.6|79|2.47
307|248|627.5|76|0.126
212|248|512.7|46|0.789
978|248|863.2|86|1.38
623|248|541.6|53|7.62
678|248|341.8|56|4.84
60|249|506.3|62|8.7
393|249|871.3|96|7.27
2|249|728.3|70|1.98
459|249|253.8|91|1.11
861|250|979.2|55|6.01
609|251|733.1|61|1.0
762|251|705.6|92|7.96
111|251|797.1|53|8.72
551|251|393.2|59|9.69
966|252|158.3|72|5.47
655|253|323.1|77|0.441
155|253|430.4|70|7.04
170|254|716.0|55|4.49
347|255|839.3|46|5.94
286|255|528.0|99|8.44
792|255|247.3|84|9.98
369|255|172.4|79|6.87
295|256|839.0|82|5.28
775|256|949.6|78|4.03
531|256|282.8|77|1.84
57|257|134.4|70|0.468
602|257|165.3|82|2.49
282|257|424.7|91|2.15
38|257|409.6|47|6.06
907|258|408.1|64|2.25
909|258|769.0|89|5.84
846|258|257.4|64|3.06
992|258|937.3|72|5.56
371|258|679.1|80|7.43
180|259|879.3|62|0.485
130|259|780.5|94|4.62
74|259|472.6|86|0.157
126|259|841.3|91|5.7
979|259|454.6|65|1.87
943|260|564.1|48|4.39
741|260|540.5|74|9.41
275|260|829.6|98|5.45
967|260|320.8|96|5.25
931|260|546.2|74|2.41
983|261|601.8|53|6.27
744|262|451.2|83|0.0229
972|263|713.3|55|9.36
255|263|201.0|68|6.56
370|264|305.0|66|9.56
29|264|964.7|90|8.55
58|264|245.9|76|3.74
698|265|234.9|74|7.49
176|265|247.5|74|9.44
540|265|520.9|58|1.07
948|265|389.1|79|2.96
279|266|821.1|64|8.75
541|266|663.7|50|8.09
348|266|280.8|81|7.13
502|266|215.7|44|0.342
257|266|270.9|97|4.79
465|267|272.2|69|0.648
768|267|495.1|85|1.56
200|267|374.3|44|7.76
149|267|838.7|76|5.53
342|267|524.2|72|1.81
490|268|345.6|70|7.98
677|268|345.0|76|6.12
78|268|678.6|53|9.63
961|268|432.3|82|3.11
10|268|148.2|52|9.58
337|269|594.9|73|3.34
249|269|496.1|47|7.27
31|269|196.0|48|9.88
933|270|488.4|91|8.8
959|270|440.7|99|2.07
64|270|408.3|64|7.49
123|270|794.4|61|8.15
110|271|588.6|83|5.49
772|271|763.5|51|2.19
608|271|687.6|56|0.131
573|271|416.2|90|4.75
34|271|229.8|95|2.95
953|272|154.8|92|5.4
6|272|911.2|68|9.61
565|272|696.4|56|9.44
22|272|995.4|65|6.12
307|273|146.8|70|8.07
118|273|747.3|73|4.44
124|273|324.9|47|2.57
456|273|595.4|57|0.334
816|273|504.0|47|6.64
858|274|790.7|84|4.15
661|275|709.5|95|8.08
179|276|212.0|92|1.51
693|276|602.1|100|3.54
511|277|389.9|53|3.2
63|277|930.8|78|6.8
223|277|313.5|47|2.37
335|277|727.1|59|7.26
97|277|253.3|73|7.05
610|278|127.8|55|6.32
513|278|950.8|78|0.644
551|279|939.4|53|4.13
928|279|844.0|98|4.4
641|279|422.7|59|3.21
170|280|578.7|70|5.87
128|280|205.0|68|3.2
525|280|239.5|89|5.03
742|280|984.7|70|6.05
371|281|611.9|58|8.19
500|282|508.2|74|7.11
207|283|717.4|55|6.52
661|284|126.0|78|0.516
869|284|368.7|83|2.74
121|284|143.8|77|0.365
811|284|476.7|80|10.0
313|284|757.0|72|9.46
917|285|165.4|60|8.09
916|285|275.1|68|2.25
300|286|869.9|58|2.36
475|286|544.2|70|9.68
245|287|663.0|77|6.67
251|287|235.6|90|0.353
131|287|640.3|97|6.23
785|288|653.6|93|3.18
828|288|183.6|49|2.15
888|288|589.9|92|9.05
575|289|523.3|47|9.71
394|289|608.2|91|7.32
878|289|547.1|71|9.71
124|289|381.9|67|6.19
476|290|428.3|74|8.3
188|291|884.1|57|7.69
538|291|763.6|68|6.14
221|291|843.9|82|3.75
146|292|121.9|97|7.17
712|293|894.0|88|0.702
937|294|892.8|83|5.6
240|294|179.6|55|0.601
600|295|890.2|96|1.95
773|295|698.5|45|4.91
270|296|786.6|65|2.06
705|296|858.5|100|8.07
743|297|144.0|55|2.85
112|297|393.1|77|6.69
928|297|978.4|60|3.82
584|297|528.0|54|9.79
263|298|460.8|84|9.99
882|298|192.3|58|9.46
839|298|950.3|89|8.66
903|299|334.3|83|9.92
19|299|298.0|66|8.48
899|299|557.7|94|6.17
683|299|529.7|95|3.55
842|300|145.6|85|5.1
587|301|912.1|89|0.311
512|301|808.0|96|4.25
378|301|580.8|45|0.121
807|302|281.7|96|9.02
196|302|413.6|100|2.47
776|303|526.0|66|8.45
987|303|681.7|70|1.74
624|303|791.0|85|2.72
296|303|914.3|69|2.94
911|303|864.1|88|9.83
473|304|373.4|86|2.26
642|305|154.2|63|9.47
823|305|264.5|49|5.55
26|306|274.9|58|7.71
222|306|314.7|92|7.13
530|306|689.2|86|2.36
824|307|443.9|49|8.08
117|308|838.5|52|3.82
14|308|626.3|75|8.83
393|308|555.2|79|3.02
189|309|376.5|68|3.32
175|309|268.6|58|8.27
662|309|483.4|76|2.81
224|309|503.4|76|6.2
303|310|483.6|75|4.65
647|310|836.6|96|0.0335
543|310|134.0|68|9.84
957|310|234.0|46|7.83
760|311|889.5|93|0.831
873|311|557.7|83|5.48
987|312|507.9|56|4.13
270|313|473.2|98|5.81
777|313|564.6|78|4.23
924|313|471.1|79|1.43
531|313|328.0|82|8.79
192|314|830.4|47|4.68
508|314|621.2|44|6.25
488|314|169.5|71|5.31
120|315|194.4|74|6.92
431|315|603.1|78|1.36
267|315|554.4|81|6.34
992|315|559.2|88|0.953
860|316|323.1|69|6.47
232|316|736.2|78|4.4
462|316|583.5|66|7.32
7|316|929.0|47|1.27
924|317|797.8|43|3.71
459|317|367.2|69|5.78
927|317|502.6|97|8.4
933|318|320.3|82|9.23
55|318|341.7|95|2.55
557|318|698.1|98|4.08
479|319|310.2|69|6.38
616|319|698.8|87|6.66
745|319|510.9|49|3.23
818|319|512.2|78|8.03
780|319|810.4|81|7.84
103|320|944.7|79|1.16
254|321|383.6|76|5.52
181|321|818.9|98|7.2
96|321|825.6|97|3.2
654|322|125.1|84|2.16
588|322|272.8|63|3.57
240|323|435.1|63|7.96
7|323|309.4|78|3.14
212|323|283.4|78|9.52
284|324|410.2|52|1.21
157|324|383.8|96|2.7
509|325|792.1|54|1.28
432|325|152.9|95|8.32
311|325|712.0|52|4.41
451|325|848.4|94|6.72
31|326|558.6|68|8.64
904|326|795.9|85|7.44
358|326|740.6|94|8.92
189|326|672.8|49|1.88
267|327|857.1|70|2.97
519|327|704.9|54|2.9
443|327|275.1|82|2.94
149|328|168.5|65|4.43
286|329|379.3|96|7.78
554|329|563.1|84|3.71
795|329|275.6|88|7.87
302|330|566.3|88|6.16
848|330|444.7|61|7.38
893|330|839.4|78|3.63
732|330|760.8|79|1.08
563|330|316.0|71|6.77
840|331|852.8|94|5.15
792|331|670.0|66|6.3
654|331|946.8|82|8.11
744|331|676.1|62|6.35
796|331|352.9|51|5.77
70|332|152.3|48|8.45
553|332|913.3|62|9.24
761|332|292.3|73|0.687
225|332|308.5|86|3.77
720|333|156.5|73|4.5
840|333|375.8|84|2.1
123|333|364.4|46|0.0738
725|333|504.0|48|9.07
77|333|719.9|100|9.13
515|334|788.9|73|7.38
448|334|185.4|94|8.67
692|335|841.6|93|1.77
367|335|265.3|62|8.47
633|335|871.6|49|0.0695
610|336|435.8|62|9.08
592|336|978.0|50|7.37
50|336|799.4|79|7.61
563|337|209.0|46|2.29
440|337|591.2|84|9.85
358|337|255.3|96|2.36
351|338|305.4|46|6.02
820|338|815.7|84|7.32
855|338|169.9|54|6.08
361|338|226.9|81|8.02
306|338|634.3|87|1.57
841|339|314.5|79|0.512
454|339|540.3|45|6.13
922|339|626.1|47|9.1
558|339|494.3|52|8.02
403|339|553.2|56|5.76
280|340|123.4|78|3.8
818|341|187.3|80|9.38
750|341|948.5|89|9.85
687|341|785.3|86|2.4
439|342|781.8|76|8.06
913|342|345.3|59|3.63
371|342|952.2|74|7.59
108|342|437.7|89|8.35
300|342|640.9|55|8.42
78|343|959.3|68|1.58
574|343|852.5|60|5.87
531|344|394.7|65|5.74
290|344|873.1|76|5.5
195|344|475.6|99|9.33
279|344|441.9|65|9.97
367|344|229.3|58|2.4
527|345|444.9|93|0.842
957|345|554.8|76|2.85
426|345|681.1|90|4.57
944|345|246.1|48|6.0
104|345|915.4|88|5.02
155|346|361.6|75|6.48
992|346|648.5|48|6.45
604|346|529.8|72|1.13
701|346|610.1|66|6.36
358|347|782.3|81|1.05
523|347|304.1|61|7.78
335|347|460.6|100|4.17
335|348|759.7|74|8.21
614|348|402.4|47|9.02
127|348|157.9|74|8.41
324|349|332.9|54|1.58
784|349|195.9|89|4.73
378|350|363.3|100|5.84
616|350|777.6|85|6.48
219|350|341.8|48|8.43
8|351|293.7|77|3.2
685|352|178.2|71|0.273
264|353|521.3|94|2.34
458|353|526.4|70|8.4
492|353|612.9|53|6.2
80|353|797.5|92|1.7
754|353|588.7|54|4.72
992|354|691.7|87|2.93
925|354|929.1|74|6.48
887|354|688.9|95|5.22
324|355|438.6|75|7.33
62|356|566.0|60|2.44
923|356|285.0|55|5.95
251|356|771.1|90|2.78
826|356|637.5|74|4.74
688|357|171.4|51|7.79
680|357|332.6|76|9.64
391|358|908.9|78|0.796
687|359|507.5|46|1.0
649|360|177.1|86|4.95
239|360|511.9|89|4.99
269|360|194.6|50|3.25
223|360|710.4|44|8.97
467|361|828.7|58|5.93
947|362|921.5|76|4.86
666|363|461.0|59|1.74
701|363|412.3|69|3.27
647|363|242.0|80|6.62
7|364|155.2|92|8.81
204|365|422.6|85|8.55
922|365|591.3|85|2.44
449|365|482.6|84|8.01
497|365|549.3|76|0.864
877|365|243.8|49|0.219
294|366|907.1|64|9.64
637|366|243.1|60|7.93
756|366|650.7|90|5.59
976|366|702.3|65|6.22
405|366|936.9|56|5.41
825|367|219.1|80|0.475
478|368|357.9|53|4.68
837|368|349.1|85|4.38
606|368|823.8|62|6.12
361|368|695.7|44|6.41
829|369|494.6|88|5.47
444|369|677.4|67|8.69
182|369|456.7|60|4.67
36|369|679.4|67|9.19
771|369|920.4|91|7.43
294|370|895.7|74|3.86
986|370|485.7|81|0.138
406|370|245.4|85|5.59
531|370|143.0|80|9.6
954|370|466.5|95|0.465
254|371|281.3|43|5.66
304|371|901.3|62|5.27
437|371|284.1|90|4.11
864|371|134.2|66|6.7
836|372|645.2|89|5.38
415|372|637.7|43|2.68
768|373|492.3|84|3.19
170|374|477.2|65|4.5
74|374|945.3|51|4.13
397|374|362.3|72|8.56
763|375|433.1|78|8.35
963|375|677.2|51|0.647
601|375|853.2|57|8.59
821|375|785.7|67|1.24
531|375|400.1|55|5.09
319|376|388.7|59|5.88
267|376|858.3|68|9.54
5|377|661.1|93|1.2
986|378|972.2|93|3.98
985|378|374.1|85|3.02
826|378|757.6|46|0.78
89|379|747.1|66|0.783
709|379|168.8|93|1.78
118|379|299.8|78|8.3
637|380|401.9|63|4.4
120|380|393.4|70|8.2
191|380|845.4|79|5.72
292|380|126.3|70|9.81
916|381|394.5|54|4.14
111|381|769.2|46|1.72
60|381|775.7|51|6.98
517|381|581.5|85|4.15
430|382|397.3|62|0.531
839|382|799.3|75|1.53
128|382|437.4|53|0.526
773|383|500.6|97|7.96
189|383|663.1|81|2.73
158|384|562.6|65|8.23
352|384|161.8|60|7.49
888|384|707.2|51|9.62
418|384|674.2|71|3.09
872|385|482.9|75|3.93
821|386|164.7|60|6.45
352|386|753.3|54|9.08
372|386|955.4|45|9.79
519|386|143.2|60|2.94
111|386|586.1|95|1.49
297|387|601.8|80|8.79
273|388|929.8|63|5.21
133|388|952.6|98|2.58
706|388|731.8|46|2.56
950|388|941.5|95|3.41
108|389|655.1|94|2.35
200|389|383.0|82|1.67
51|390|483.7|56|9.46
565|390|678.9|88|3.67
457|390|784.4|57|7.96
47|391|828.8|88|0.22
773|391|727.7|54|8.45
994|391|761.9|84|0.987
452|391|995.1|55|4.87
823|391|721.2|100|9.99
790|392|589.5|71|4.63
80|392|614.6|74|6.12
160|392|548.0|72|1.36
443|393|215.4|64|9.39
317|393|393.5|53|1.84
816|393|653.2|46|8.49
160|393|794.6|96|0.672
494|394|309.9|65|3.23
482|395|640.5|75|3.01
538|395|772.3|92|9.92
968|395|913.6|51|3.57
505|395|268.6|66|0.355
645|396|137.5|86|6.16
282|396|414.1|82|4.71
844|397|190.6|55|5.19
770|397|828.4|45|6.95
476|397|663.6|99|1.58
112|398|961.0|57|7.13
883|398|152.7|97|4.98
834|398|954.8|100|4.01
19|398|298.0|63|3.46
309|398|829.9|80|8.56
628|399|745.7|99|3.63
383|399|567.7|86|3.71
11|400|184.7|51|5.94
771|401|691.3|81|7.82
308|401|565.0|99|6.26
424|402|392.7|81|0.559
84|403|289.9|55|4.85
865|404|292.8|72|2.86
567|404|230.3|99|4.71
949|405|285.3|74|1.37
177|405|224.0|96|1.59
105|405|325.2|92|6.99
250|406|882.4|62|9.35
505|406|894.9|50|3.75
965|406|127.9|81|7.62
217|407|368.1|85|8.24
136|407|872.6|98|3.97
856|408|566.3|59|8.37
894|409|868.9|77|4.07
342|409|602.4|43|2.09
781|409|689.8|76|6.91
745|409|666.6|92|7.59
74|409|776.6|98|5.35
997|410|166.9|90|6.28
359|411|906.0|50|4.94
613|412|326.8|57|9.64
40|413|887.1|91|5.37
53|413|430.8|70|8.23
938|413|416.0|67|6.66
844|414|857.0|50|6.45
174|414|181.2|88|8.24
928|414|597.4|92|9.34
423|414|914.3|70|2.14
277|415|263.7|43|4.65
878|415|139.0|48|8.57
928|416|377.3|100|9.13
533|417|635.9|81|0.229
10|417|691.2|65|2.46
881|418|425.3|80|8.81
765|418|598.3|76|3.3
687|418|533.2|96|0.463
474|418|244.9|88|4.15
838|419|944.5|71|2.56
967|420|414.8|47|1.93
976|420|411.7|45|8.02
428|421|769.5|44|3.94
41|421|751.8|92|1.97
511|421|324.7|79|5.05
820|421|328.0|91|3.61
696|421|955.5|60|5.45
834|422|897.6|73|1.69
135|422|329.6|51|4.58
741|423|157.5|65|3.2
197|423|969.7|94|8.7
264|423|608.1|95|9.02
831|424|933.5|67|7.27
67|424|180.5|97|2.83
301|424|541.7|52|9.58
87|424|173.2|81|0.711
121|425|712.8|81|3.73
28|425|272.0|72|3.69
639|425|438.3|96|6.67
221|425|145.2|82|8.41
857|426|275.3|66|0.11
923|426|696.3|83|2.71
749|426|966.2|63|0.592
442|427|348.9|64|8.98
189|427|521.0|56|4.66
140|427|645.5|49|1.78
484|428|716.5|60|1.27
388|428|597.6|91|3.76
265|429|296.9|59|1.52
419|429|524.1|62|0.412
849|430|147.5|94|0.967
65|430|437.6|90|9.17
352|430|185.3|96|4.73
529|430|997.3|71|9.84
986|430|328.5|86|0.187
252|431|213.6|85|9.25
410|431|923.8|48|3.78
365|431|472.5|90|2.98
560|432|552.1|98|1.68
289|432|296.4|81|6.81
112|432|590.1|73|6.37
73|432|264.3|51|7.78
490|432|463.2|67|9.19
920|433|403.2|50|7.56
528|433|495.0|94|1.97
90|433|152.1|72|0.82
271|433|457.3|61|1.55
696|434|225.9|64|6.3
559|434|307.8|80|8.82
1|434|222.7|76|3.86
380|435|886.8|61|1.28
812|435|680.7|86|7.59
783|436|630.2|77|0.442
257|436|394.9|82|4.97
592|436|868.9|98|9.8
285|436|168.4|80|3.06
333|436|197.6|90|5.83
763|437|952.5|52|4.86
513|437|877.9|53|2.39
490|437|601.5|91|4.87
868|437|903.5|88|0.424
150|437|558.3|81|6.72
496|438|972.4|51|8.63
83|439|655.7|84|8.18
897|439|867.5|100|3.51
801|440|433.6|82|4.76
805|440|565.4|70|0.714
967|440|606.4|66|7.92
373|440|266.0|56|1.91
186|440|976.8|80|8.19
360|441|702.9|80|4.82
963|442|188.2|56|4.09
688|442|854.3|80|8.75
53|442|870.4|81|4.2
5|443|261.4|80|5.59
499|443|196.5|52|0.111
562|443|683.9|87|0.503
600|443|885.9|92|9.82
427|444|392.9|86|0.513
407|444|427.8|63|7.54
539|444|310.8|74|4.15
182|444|784.0|81|6.47
834|444|305.1|90|2.22
984|445|452.0|82|3.59
280|446|614.2|45|3.42
761|446|767.0|90|3.87
485|446|179.5|46|0.927
974|446|152.5|50|9.85
250|446|957.6|77|9.74
852|447|545.9|85|5.48
378|447|836.7|92|6.98
217|447|347.2|92|0.404
417|448|669.6|68|4.99
245|448|952.1|94|7.93
778|448|816.7|93|9.81
837|449|954.4|69|0.0716
577|449|270.8|44|7.88
722|449|508.7|94|3.35
860|449|998.4|85|6.6
91|449|322.8|99|5.18
311|450|314.1|49|9.49
514|450|445.8|77|5.79
294|451|995.6|72|2.35
751|451|767.3|50|3.04
807|451|225.5|88|2.02
136|451|971.5|54|9.81
555|451|783.4|95|1.62
651|452|774.5|78|0.393
392|452|162.0|60|1.4
694|453|971.7|78|1.42
128|453|171.9|54|6.28
7|454|369.2|68|3.53
359|454|741.0|47|8.54
361|454|766.4|80|9.47
318|455|259.8|94|3.18
627|455|220.4|51|7.37
414|455|464.3|100|9.41
660|455|724.2|91|0.514
546|456|873.6|87|4.63
624|457|332.1|75|5.34
726|457|282.3|70|9.11
738|458|233.1|45|9.17
86|458|491.3|91|9.05
260|458|152.8|72|0.618
645|458|404.1|91|6.45
604|459|812.4|69|6.76
146|460|253.9|85|7.9
464|460|681.8|68|9.19
533|460|510.5|95|7.86
455|460|984.0|91|5.87
733|460|194.5|80|2.43
352|461|698.2|56|4.29
324|461|734.7|67|6.43
162|462|185.4|83|3.21
441|462|335.5|73|7.96
365|462|272.7|86|9.85
390|463|772.6|84|5.07
586|463|926.9|76|7.66
11|464|221.9|91|3.82
166|464|869.4|74|6.93
361|465|929.9|79|2.12
289|465|620.2|45|6.48
55|465|132.2|66|9.08
948|465|865.9|89|9.0
917|466|391.9|76|7.51
941|466|547.2|98|1.88
692|466|902.2|96|5.35
187|466|899.3|54|5.36
134|467|789.2|100|0.925
607|467|140.7|51|6.41
29|467|837.7|47|4.52
592|468|723.3|51|3.57
460|469|740.3|48|5.95
359|469|836.8|97|4.63
551|469|142.8|53|0.359
209|469|881.8|51|5.77
465|469|850.5|63|2.65
511|470|849.1|74|1.13
967|471|799.0|60|4.31
839|471|962.4|57|3.49
46|472|990.7|89|8.76
534|472|937.4|47|9.57
732|473|176.9|55|2.49
319|474|629.7|86|9.12
870|474|587.9|90|6.55
628|474|709.7|94|2.67
447|474|456.6|57|3.09
470|474|158.0|72|6.04
754|475|226.0|100|5.91
378|475|444.2|47|7.54
934|475|262.1|59|2.91
95|476|546.5|64|0.0404
208|476|884.7|88|7.06
405|476|379.2|87|5.77
402|477|686.5|59|9.54
63|478|483.8|96|9.99
595|478|334.3|48|0.936
306|479|175.0|80|0.324
299|479|573.9|57|4.34
983|480|704.9|76|0.904
715|480|410.7|96|6.52
482|480|205.9|64|3.76
96|481|298.5|76|2.32
723|481|240.7|99|5.65
439|481|388.4|49|1.23
368|482|887.1|98|0.587
22|482|959.7|56|3.38
451|482|956.9|83|9.1
820|482|893.0|45|0.335
504|483|353.7|52|3.2
813|483|544.9|89|2.06
730|483|298.9|87|6.08
775|483|810.8|95|8.09
68|484|501.0|63|7.92
164|484|845.6|82|10.0
128|484|715.8|82|3.61
819|484|645.4|48|0.499
773|485|362.3|84|5.04
788|485|638.7|60|0.722
227|485|825.5|56|2.02
399|486|652.1|79|1.54
200|486|170.1|85|8.41
996|486|670.8|58|1.94
433|487|555.0|59|1.39
155|488|747.5|55|2.06
311|489|466.4|73|2.61
15|489|556.7|91|5.96
656|489|986.4|52|7.57
396|489|830.3|65|5.61
596|490|447.7|43|9.27
950|490|324.2|92|9.82
205|490|827.5|85|1.35
644|490|717.7|61|7.33
362|491|710.0|62|8.45
587|492|916.6|98|5.45
948|492|139.8|63|4.42
624|493|230.3|44|0.616
520|493|704.3|48|3.23
773|494|517.1|73|1.45
388|494|537.8|90|0.886
492|495|853.8|55|2.41
67|495|713.8|67|6.35
910|496|320.1|71|3.86
888|496|352.5|54|1.05
416|496|167.0|59|0.0537
221|496|355.5|53|1.14
64|496|419.0|90|2.51
425|497|172.2|46|7.43
942|497|459.7|87|5.07
510|497|345.6|90|2.35
721|497|874.1|50|5.78
12|498|184.6|53|7.37
609|498|363.7|57|7.15
675|498|404.3|82|1.77
233|499|287.7|89|2.83
211|499|805.2|59|8.43
895|499|850.4|93|9.81
839|500|922.8|85|4.16
857|500|791.9|56|9.06
534|500|229.4|91|3.84
253|500|785.6|48|6.94
19|500|742.8|76|5.95
388|501|164.7|77|6.46
869|501|552.6|90|1.97
509|502|429.8|58|7.23
708|502|199.8|72|9.4
876|503|879.6|99|3.73
46|504|625.5|63|6.91
370|504|355.5|100|5.84
350|504|839.3|48|5.69
74|504|458.6|81|0.491
687|505|936.3|100|8.61
233|506|195.7|45|9.33
504|507|319.6|52|8.55
813|507|809.3|99|3.71
684|507|137.2|86|9.33
670|508|941.4|52|5.1
914|508|752.4|49|3.22
950|508|294.7|96|10.0
458|508|463.9|59|4.74
354|508|594.9|50|5.27
985|509|979.2|55|8.79
913|509|829.4|74|4.13
22|509|355.2|95|2.26
404|509|640.4|98|1.65
234|509|890.8|60|6.36
999|510|817.4|85|5.88
761|511|874.0|68|3.39
324|511|308.7|66|4.91
937|511|690.6|76|9.16
215|512|122.2|68|8.63
766|512|503.6|44|0.154
624|513|754.9|56|7.73
425|513|304.9|78|1.8
467|514|186.5|73|2.13
884|514|912.2|63|7.37
785|515|922.5|56|6.38
16|516|436.8|68|4.37
810|516|896.1|59|8.2
424|517|199.8|88|2.9
448|517|735.7|88|0.851
976|517|963.7|88|0.78
885|518|693.8|89|4.76
693|518|511.5|87|4.18
682|518|240.4|86|9.53
863|518|870.0|57|3.53
200|518|808.6|51|0.421
359|519|616.1|48|9.41
443|519|668.1|48|4.13
465|519|428.9|50|1.71
509|519|761.7|62|3.75
81|519|500.3|88|2.2
783|520|741.5|66|7.69
682|520|405.6|89|7.13
310|521|244.6|89|8.66
295|521|458.8|53|1.71
728|521|793.5|69|3.96
461|522|518.0|95|3.33
581|522|499.8|99|4.11
330|522|944.0|47|7.27
722|522|791.2|97|4.04
755|523|951.5|59|3.07
314|524|888.6|72|5.11
9|525|585.7|44|0.642
261|525|357.2|75|1.37
683|525|869.8|64|0.823
469|525|814.5|43|4.78
378|526|983.9|91|4.71
196|527|902.1|49|0.218
347|527|494.3|73|0.406
243|527|576.4|72|8.71
362|527|253.1|97|1.55
884|527|817.5|92|5.37
23|528|150.1|85|3.28
66|529|581.7|62|3.58
373|529|642.4|76|3.57
140|529|991.2|44|8.6
170|529|804.1|47|9.67
444|529|953.3|60|1.3
177|530|528.1|45|5.97
659|530|800.5|65|2.28
94|531|252.9|72|5.05
761|531|163.6|52|1.24
154|531|888.1|76|6.7
110|531|852.6|100|7.66
531|532|233.2|59|9.0
996|532|306.1|48|6.94
416|532|244.5|83|0.243
169|533|127.5|76|8.57
519|533|812.1|80|2.5
706|534|198.3|73|8.0
488|534|819.5|59|0.266
476|534|615.7|54|1.31
581|534|669.5|44|7.3
124|534|731.8|53|9.41
849|535|588.9|46|1.45
732|535|166.0|73|0.783
588|535|156.1|98|3.96
99|535|674.6|80|8.61
34|536|832.3|45|1.65
762|536|165.7|63|0.894
886|536|215.6|95|0.871
200|536|846.1|79|7.38
641|537|801.8|60|6.81
798|537|281.2|97|8.1
66|537|675.7|55|2.79
603|538|161.4|100|7.68
287|538|748.3|46|9.0
126|538|839.5|60|3.99
699|538|829.2|57|0.551
111|539|360.7|78|1.53
817|539|328.2|46|0.645
30|540|336.0|64|0.214
711|540|970.9|67|5.26
192|540|718.4|64|6.45
333|541|245.0|53|5.92
319|541|707.9|61|8.1
954|541|603.9|93|5.25
263|541|223.9|75|1.46
14|542|293.9|82|5.79
133|542|634.7|84|5.91
656|542|643.9|75|4.07
548|542|206.1|70|3.35
294|542|181.5|61|9.05
477|543|868.9|46|4.17
965|543|568.5|51|3.35
888|544|120.2|54|6.52
440|544|637.9|81|5.08
656|544|331.2|87|5.15
334|545|242.9|50|0.943
726|545|209.9|74|0.948
885|546|140.0|60|6.82
611|546|507.3|49|2.35
10|546|813.9|44|8.59
818|547|564.2|45|0.634
452|548|523.5|66|7.77
789|548|375.8|98|9.62
52|548|240.3|83|4.39
652|548|814.8|99|7.25
886|548|667.9|80|4.1
100|549|894.8|76|1.14
353|549|162.4|43|3.52
18|550|336.1|92|7.24
580|550|186.4|81|3.32
905|550|942.3|76|3.88
320|550|139.3|74|9.96
509|551|506.1|97|5.41
824|551|717.8|63|4.53
390|551|395.6|43|1.7
397|551|669.2|46|8.08
560|551|762.1|81|9.29
662|552|692.8|43|6.08
515|552|706.0|87|0.0715
955|552|634.3|88|0.529
618|552|296.7|60|2.04
673|552|481.2|99|9.19
214|553|821.1|85|9.08
452|553|401.2|59|5.27
59|553|973.9|93|4.59
824|553|298.7|46|6.57
144|553|353.6|93|4.93
274|554|812.3|67|6.47
486|554|918.0|96|9.81
829|554|348.0|72|2.01
40|554|323.8|62|1.03
16|555|399.2|71|7.75
800|555|557.2|49|7.88
285|555|806.2|56|3.96
549|555|578.9|57|9.3
730|555|772.9|72|5.3
740|556|426.8|79|3.68
418|556|850.5|55|6.42
355|556|217.0|85|5.84
725|557|262.0|77|8.43
284|557|663.1|69|9.27
210|557|852.0|80|6.25
110|557|645.7|56|1.53
247|557|609.4|47|5.79
17|558|488.8|67|2.59
985|558|181.3|85|5.18
948|559|860.0|80|2.14
18|559|368.3|90|7.05
509|559|247.1|46|9.96
975|559|512.3|94|3.81
416|560|396.6|91|5.97
83|560|622.9|43|4.81
587|560|302.8|70|2.16
922|560|570.4|48|1.27
764|561|290.5|90|8.13
168|561|499.3|87|0.804
69|561|168.6|88|2.96
865|562|903.4|85|8.52
188|562|540.9|99|7.67
719|562|699.7|78|0.0705
169|562|211.8|95|7.96
286|562|339.6|51|1.28
377|563|984.4|75|6.33
750|563|956.6|65|8.23
409|563|356.8|71|7.75
955|564|586.9|63|0.0139
542|564|706.8|84|8.58
953|564|405.4|75|1.69
679|564|463.1|87|7.67
937|564|947.3|54|7.15
347|565|681.6|96|5.78
269|565|474.7|70|1.94
225|565|576.1|74|2.71
176|566|314.5|48|4.15
563|567|987.1|89|6.33
851|567|329.2|81|1.38
502|567|551.9|85|8.79
876|567|921.2|59|0.642
698|567|619.0|58|4.27
181|568|150.7|54|1.92
240|568|485.7|96|5.24
577|568|995.4|54|2.83
961|568|814.6|71|1.86
809|568|196.6|62|2.95
432|569|227.3|55|2.8
53|569|881.6|96|7.42
604|569|185.2|67|8.15
782|569|512.1|98|8.36
766|569|574.7|81|3.68
345|570|248.9|99|6.43
836|571|846.7|81|7.22
920|571|168.0|89|4.54
996|571|905.5|53|4.92
606|571|479.0|47|7.02
75|571|900.2|88|9.72
398|572|304.1|81|7.78
509|572|995.0|59|6.73
435|572|304.1|52|0.354
796|572|836.5|96|2.17
36|572|589.5|82|4.22
228|573|361.2|91|8.99
247|573|200.4|52|4.15
500|573|609.3|56|8.01
660|573|695.3|85|9.43
181|573|539.0|65|2.3
811|574|235.9|73|8.97
952|574|747.7|82|5.97
448|575|509.7|71|2.15
466|575|758.9|62|2.11
876|575|545.7|72|3.5
141|575|161.0|86|5.18
812|575|434.4|87|6.85
724|576|708.5|95|8.57
715|576|307.3|51|8.49
858|576|943.8|82|4.46
805|576|634.9|52|7.11
533|577|267.2|66|6.71
74|578|316.8|100|6.1
105|578|931.7|62|5.41
643|578|840.9|43|8.53
23|579|313.2|56|5.31
889|579|322.0|47|2.41
363|579|748.5|93|2.25
852|579|250.4|49|2.62
84|579|354.9|99|5.91
476|580|572.2|43|7.46
187|580|200.9|68|5.94
905|580|773.7|99|6.81
398|581|586.3|52|8.8
239|581|655.4|48|8.69
740|582|369.4|44|6.41
938|582|346.1|53|8.05
753|582|159.4|79|4.76
243|582|298.6|63|5.68
169|583|461.1|84|4.61
462|583|403.8|93|4.57
825|584|926.0|59|2.34
239|585|561.7|61|3.75
362|586|270.2|61|4.11
394|586|666.0|52|9.91
292|586|905.7|75|4.1
243|586|832.3|94|9.37
434|586|241.2|74|4.21
350|587|266.7|65|5.63
543|588|785.9|70|4.93
192|588|394.9|69|6.36
515|588|914.5|55|8.95
13|588|771.9|82|7.57
380|589|832.6|96|8.65
774|590|223.7|75|7.19
300|590|989.0|80|8.02
355|591|452.6|43|8.86
716|591|851.5|99|1.78
724|591|871.0|60|7.6
144|591|806.4|96|5.27
19|591|527.1|78|1.55
936|592|956.8|86|8.96
966|592|760.1|60|0.405
821|592|147.7|59|1.62
202|592|931.3|100|6.1
904|592|516.6|97|3.66
565|593|650.1|65|1.47
586|593|618.1|66|0.266
11|594|372.2|80|9.18
91|595|491.7|66|4.54
118|595|554.5|60|9.68
783|595|194.2|59|3.29
462|596|462.7|57|5.28
73|596|942.0|88|9.46
514|596|791.5|52|2.7
733|597|809.3|66|4.28
784|597|862.6|77|1.7
296|597|490.5|75|8.4
848|597|321.9|76|4.92
845|598|856.7|67|1.91
317|598|429.9|45|6.57
349|599|275.5|78|2.83
842|599|891.6|97|5.48
17|599|719.3|61|9.57
231|599|908.1|46|7.11
222|600|150.3|53|3.66
305|600|392.8|81|8.74
71|600|452.9|52|4.11
534|601|592.8|66|6.69
896|601|579.6|96|1.65
310|601|149.7|87|8.77
444|601|948.1|89|3.02
329|602|551.0|97|4.8
36|602|302.4|87|2.51
788|603|175.5|93|2.94
402|603|563.4|64|7.16
107|604|725.5|43|3.56
91|604|288.6|84|5.5
648|604|532.1|75|7.13
512|604|369.3|66|5.35
145|605|369.2|46|4.4
105|605|121.4|43|4.89
501|605|935.8|61|8.4
294|605|152.0|54|2.43
263|606|139.7|53|4.21
796|606|772.8|89|4.68
38|606|408.7|74|2.63
489|607|852.4|73|8.41
157|608|224.9|58|8.92
962|608|329.2|46|1.24
606|609|282.1|51|5.62
908|609|512.9|72|2.05
534|610|821.2|65|1.04
752|610|435.1|77|9.31
207|610|265.9|66|8.38
444|610|843.5|48|7.15
993|611|723.8|97|0.483
937|611|148.7|89|1.48
410|611|756.8|59|4.79
269|611|866.7|93|8.68
212|612|575.9|92|6.27
567|612|754.0|92|6.53
61|612|374.4|77|5.35
877|612|623.9|70|1.61
478|612|991.0|96|7.17
265|613|660.6|98|4.6
423|613|716.8|53|9.28
819|613|152.4|56|9.47
341|614|481.7|72|4.75
181|615|141.4|58|4.77
855|615|965.8|73|3.43
201|615|264.5|88|6.37
953|615|414.8|43|5.63
333|615|956.5|55|2.31
738|616|739.4|76|2.57
956|616|581.3|84|2.25
926|616|211.6|63|8.64
447|617|992.6|87|7.6
584|618|649.2|58|0.95
181|618|339.9|91|6.28
866|618|873.9|72|4.03
307|618|880.1|97|3.7
721|619|719.1|98|5.77
328|619|526.7|87|5.4
773|619|410.5|96|5.55
779|620|175.1|89|7.27
275|620|412.8|91|5.62
240|620|678.8|50|9.67
532|620|258.9|71|8.86
992|620|536.8|57|1.67
162|621|441.6|90|0.393
571|621|888.0|51|8.29
23|622|999.8|64|2.03
722|622|481.4|99|8.07
820|623|462.6|45|7.13
928|624|438.9|55|1.93
942|624|166.7|71|4.77
418|624|786.6|64|8.61
959|625|165.7|47|7.97
247|625|587.2|71|6.05
416|625|205.8|64|2.34
617|625|581.1|88|9.31
297|625|522.4|65|8.9
471|626|958.3|46|5.52
79|626|385.9|91|8.49
521|626|356.6|46|7.52
997|626|421.5|61|6.96
448|627|475.3|65|4.41
954|627|926.2|57|6.97
137|627|643.4|88|1.67
336|627|516.8|66|7.87
355|628|847.6|98|7.75
446|628|928.5|87|1.07
115|628|457.6|77|2.66
267|628|465.5|46|2.93
939|629|289.2|53|0.486
684|629|795.5|98|9.8
206|630|710.7|78|9.96
354|630|998.4|72|2.84
501|630|639.5|51|4.64
297|631|440.7|46|2.01
840|631|835.2|94|7.49
575|631|812.3|64|9.33
244|631|223.3|45|7.42
901|632|133.3|62|7.27
49|633|439.3|67|9.07
662|633|679.7|89|8.04
839|633|775.7|99|2.66
739|633|946.3|79|8.41
544|633|119.3|59|2.38
628|634|537.6|51|4.88
379|634|130.2|83|4.35
408|635|559.9|84|7.95
26|635|306.8|89|5.82
299|635|682.0|93|2.08
124|635|945.5|96|6.41
670|636|691.3|69|4.79
692|636|681.3|69|5.12
479|636|331.9|83|1.12
298|636|255.9|52|1.14
941|637|971.1|68|1.55
438|638|624.9|96|4.66
504|638|239.6|66|2.08
415|638|472.1|56|5.95
826|638|197.1|79|2.08
549|639|774.2|61|5.12
957|639|571.8|59|2.6
373|640|337.0|64|1.04
319|640|965.2|83|6.47
712|640|831.5|71|2.64
261|640|539.6|43|4.25
110|641|694.7|63|6.05
905|641|659.0|86|4.12
896|641|464.4|55|3.46
842|641|793.1|88|1.75
41|642|705.8|73|1.0
346|642|522.2|64|9.73
430|642|129.8|70|0.944
743|642|691.9|51|0.677
144|643|269.8|89|1.07
537|644|485.1|45|9.88
854|644|705.0|88|6.42
406|644|411.0|71|4.8
554|644|524.9|92|4.2
687|644|751.4|100|4.72
630|645|984.6|82|5.72
752|645|750.0|46|0.242
410|646|527.9|77|0.214
101|646|813.1|53|9.39
206|646|241.2|53|6.43
878|646|676.9|74|9.24
984|647|770.9|62|5.51
381|647|811.3|56|4.66
490|648|665.8|76|3.94
698|649|737.2|43|0.268
654|649|384.8|50|1.58
483|649|725.3|88|0.352
604|649|731.8|92|8.41
810|649|433.5|72|5.52
496|650|932.5|47|2.85
18|650|628.3|63|3.23
890|650|137.3|60|5.96
839|651|345.0|71|4.2
172|651|642.5|91|5.27
240|651|352.8|100|0.426
269|651|269.0|59|3.18
233|652|243.2|45|1.59
415|652|315.4|78|0.77
949|652|465.0|70|9.36
159|652|735.9|52|7.56
948|653|700.1|51|2.61
752|654|751.3|64|2.86
583|654|447.1|90|0.681
944|654|429.1|94|4.2
841|655|402.6|77|9.62
92|655|828.0|80|5.98
695|655|593.6|100|0.792
781|655|833.0|81|9.1
193|655|935.5|88|6.58
437|656|925.7|77|2.24
732|656|258.2|69|8.54
360|656|462.6|85|6.28
165|656|408.9|58|3.53
411|656|129.4|89|6.02
887|657|989.5|91|9.56
125|657|726.9|43|5.74
904|657|774.2|81|1.84
792|657|941.2|44|8.68
407|658|332.8|99|7.28
50|658|648.3|67|6.96
591|659|636.2|70|7.13
563|660|667.8|80|2.96
694|660|302.9|86|3.82
667|660|979.8|56|5.8
7|660|409.7|48|0.176
355|660|735.4|71|4.68
606|661|530.8|49|1.39
835|661|448.0|54|3.68
425|661|174.4|69|0.567
401|661|689.0|55|3.33
707|662|700.1|60|0.224
898|662|470.9|96|5.26
217|662|779.7|100|8.45
245|662|714.6|78|0.138
697|663|456.2|87|8.48
934|664|446.0|52|3.75
927|664|617.7|83|6.44
199|664|888.6|46|5.06
339|664|158.8|45|9.13
174|664|788.9|84|7.36
642|665|461.6|65|4.65
281|665|172.6|88|5.15
820|666|949.5|68|0.745
928|667|667.5|74|4.69
764|667|734.8|69|7.76
715|667|543.2|85|3.28
274|667|123.5|89|2.17
376|667|235.2|88|5.62
854|668|514.2|80|8.12
383|668|504.7|48|3.48
978|669|413.8|87|4.1
623|669|496.9|49|1.62
117|669|397.1|91|5.9
129|669|134.8|95|7.18
267|669|670.1|69|3.01
365|670|918.7|100|9.74
476|670|599.5|64|9.98
560|671|452.2|52|3.23
108|671|469.9|78|5.98
510|672|687.5|78|3.02
543|672|632.6|100|8.73
424|672|185.6|95|1.98
942|672|639.8|50|5.68
846|673|473.4|56|8.78
875|674|407.5|76|1.13
77|674|929.2|77|6.44
327|674|497.7|66|6.62
527|674|326.7|97|2.55
824|674|437.9|99|1.73
254|675|438.8|85|9.61
725|675|794.8|92|1.49
357|676|339.2|79|9.82
543|676|609.2|89|9.37
533|676|755.5|99|7.03
582|676|456.9|54|9.5
913|677|828.6|95|5.24
19|678|503.5|53|1.85
773|678|951.0|68|9.43
915|678|729.4|65|8.91
788|679|435.2|60|9.12
202|679|132.8|75|8.2
312|679|852.4|50|0.0307
868|680|367.8|91|7.65
572|680|473.2|83|8.31
688|680|751.3|97|3.44
994|680|339.7|74|9.61
190|680|195.8|80|1.32
102|681|659.6|86|3.74
557|681|245.8|66|0.359
732|682|522.3|92|8.1
516|682|306.7|87|0.958
239|682|672.2|86|7.01
777|682|170.3|89|4.81
615|682|483.4|60|4.57
13|683|126.9|80|0.831
152|683|366.0|85|4.38
402|684|962.4|54|8.02
514|684|836.9|96|4.14
475|684|523.5|80|5.93
967|684|639.1|53|6.74
835|685|645.8|75|3.29
597|685|516.2|50|1.08
361|686|534.5|87|6.09
122|686|444.7|53|0.318
594|686|306.4|98|2.89
290|686|379.0|77|0.807
49|687|222.4|56|4.07
316|687|546.0|52|9.95
383|687|648.0|84|6.78
612|688|136.6|54|0.62
444|688|262.0|58|1.3
598|688|888.6|55|6.8
825|688|593.6|66|4.94
862|688|696.9|77|9.61
564|689|303.5|88|1.6
746|690|422.0|70|9.71
366|690|314.6|69|0.464
697|690|306.5|71|6.55
557|690|462.3|49|9.34
509|690|598.0|55|9.58
242|691|522.0|73|2.84
985|692|689.9|88|4.12
114|693|281.3|43|6.98
639|693|578.3|59|8.93
458|694|163.6|71|3.7
464|694|158.8|81|1.17
315|694|395.9|88|7.5
105|694|577.4|79|4.26
342|694|205.0|50|5.3
184|695|566.3|97|0.456
979|695|894.5|92|2.59
39|695|926.4|51|9.74
493|696|122.4|95|8.13
187|696|416.3|71|8.7
68|697|738.2|44|3.68
638|697|192.5|61|1.69
253|698|775.9|92|4.37
356|698|342.9|53|7.24
165|699|833.9|56|7.51
81|699|940.9|70|8.96
170|699|764.4|73|6.99
67|700|870.2|51|0.763
25|700|377.4|54|0.988
380|701|169.3|82|4.84
62|701|875.2|60|6.5
51|701|855.1|93|2.84
52|702|141.6|50|9.79
780|702|855.4|77|8.52
657|702|121.5|88|3.53
225|702|364.3|51|1.69
48|702|258.6|46|7.7
138|703|634.6|71|6.58
985|703|968.0|73|2.11
616|703|711.2|60|9.51
472|703|996.5|75|7.19
167|704|164.8|90|4.0
914|704|575.3|66|9.26
304|704|901.3|55|9.47
549|704|933.8|47|4.79
754|705|258.0|48|1.24
212|705|426.2|97|7.58
389|705|342.6|91|8.01
484|705|819.2|82|3.34
825|705|671.7|45|0.242
759|706|353.9|45|5.65
983|706|829.7|89|8.62
605|706|277.3|66|6.32
185|706|966.4|73|1.58
616|707|901.9|90|7.97
92|707|606.9|93|6.23
46|707|999.6|88|3.34
361|708|810.8|47|0.611
161|709|617.8|70|5.28
874|709|757.9|74|8.5
663|710|671.5|63|0.648
73|710|478.1|54|1.85
988|710|694.2|62|0.555
168|710|289.2|83|1.08
863|711|259.9|60|4.14
259|711|755.4|90|9.76
962|712|331.5|75|3.13
177|712|508.9|91|6.91
401|712|177.9|89|2.7
399|713|273.5|99|1.03
992|713|646.3|66|3.05
26|713|618.0|84|6.12
351|714|443.1|49|0.959
394|715|279.1|72|1.83
176|716|563.9|49|5.48
23|716|855.7|59|7.35
685|716|583.4|55|8.31
365|716|807.3|64|5.04
69|716|239.5|53|1.52
226|717|729.1|98|0.949
703|717|926.6|47|5.11
958|717|674.9|63|5.06
971|717|229.8|48|2.31
430|717|838.7|97|3.53
909|718|695.6|49|4.16
309|718|254.4|98|4.05
782|718|599.1|47|2.66
410|718|289.1|90|5.53
146|718|287.2|68|4.67
212|719|837.0|58|8.5
73|719|633.2|98|5.46
729|719|941.7|83|7.57
992|719|788.6|63|6.61
754|720|750.8|83|6.28
184|720|476.0|96|6.18
882|721|955.9|75|0.902
559|721|530.4|84|6.62
528|722|821.4|59|1.54
986|722|364.9|60|1.8
544|722|813.3|81|7.85
977|722|908.0|90|5.75
40|723|399.2|81|4.7
438|724|143.4|67|4.05
611|724|762.4|62|9.5
215|724|677.6|89|5.61
761|725|901.8|67|0.932
821|725|435.8|87|1.56
670|725|827.3|85|7.57
829|725|946.4|100|5.32
687|726|889.9|60|1.68
413|726|757.0|93|4.44
897|726|145.0|47|5.74
133|726|556.8|44|9.49
34|726|778.0|75|0.82
380|727|125.9|61|3.79
679|727|383.1|94|3.08
3|727|935.4|98|0.733
915|727|265.9|83|5.27
387|728|551.7|53|3.79
377|728|431.3|84|9.5
61|728|174.6|89|4.93
281|728|652.5|50|5.67
344|728|749.8|73|2.18
273|729|505.5|98|7.55
164|729|642.1|46|6.23
315|729|259.3|63|8.65
358|730|634.4|92|6.94
409|730|661.6|99|7.58
70|730|707.9|67|6.25
745|731|907.9|55|3.6
956|731|129.1|62|0.684
393|731|532.2|83|2.37
359|731|330.8|58|5.7
640|732|338.1|65|1.83
747|733|268.9|78|4.57
28|733|790.6|76|4.23
22|733|653.2|81|4.13
93|733|511.6|50|7.71
563|733|623.8|71|2.0
290|734|696.0|72|4.14
808|734|179.3|48|1.12
307|735|542.2|95|2.76
541|736|718.7|82|7.12
790|736|173.7|96|0.945
669|736|738.2|45|7.26
360|737|196.2|68|7.01
788|737|633.4|98|9.03
39|737|527.4|99|4.11
471|738|676.5|63|2.73
911|738|546.4|53|3.94
400|739|639.2|62|0.742
236|739|962.5|74|3.91
669|739|655.8|54|6.3
4|739|452.8|59|3.44
129|739|988.8|75|3.87
72|740|887.0|70|8.74
946|741|940.2|72|3.5
828|741|696.9|56|4.31
115|741|462.7|79|4.55
222|741|979.1|74|0.558
711|741|546.1|86|2.44
966|742|259.2|98|7.78
978|742|261.3|47|8.04
810|742|345.5|44|4.79
767|742|893.5|65|9.68
253|743|702.3|90|1.28
310|743|759.5|96|8.83
27|744|217.8|46|0.103
857|744|802.6|51|9.95
323|744|808.3|97|4.19
261|745|643.5|86|6.32
269|745|182.9|46|7.0
89|746|802.6|78|7.47
828|746|608.3|43|6.15
749|746|923.0|93|2.74
171|746|340.0|99|8.63
247|746|267.1|49|1.9
468|747|589.1|99|3.8
391|747|457.7|82|0.105
203|748|202.6|89|9.2
151|748|683.9|51|0.261
25|748|403.9|96|2.11
655|749|898.5|48|7.51
510|749|218.5|63|6.38
563|749|190.1|86|6.98
208|750|541.1|52|9.47
827|750|265.0|44|5.5
498|750|528.9|89|2.59
978|750|650.9|88|1.36
737|751|649.6|100|4.08
533|752|349.8|76|9.32
112|752|788.8|79|7.1
830|752|267.4|96|6.75
959|753|826.0|100|4.84
76|753|298.6|73|4.31
938|753|124.2|96|2.85
559|753|247.7|88|7.75
769|753|621.9|72|8.02
881|754|682.9|79|7.42
893|754|281.9|68|1.3
189|754|362.3|50|1.8
852|755|563.8|84|2.66
122|755|291.0|53|2.01
216|755|256.3|64|9.6
213|755|127.5|67|9.45
681|756|767.1|84|1.37
721|756|527.1|71|9.31
651|756|174.2|59|6.59
484|756|656.8|90|6.59
978|756|601.8|98|7.54
959|757|906.2|95|2.74
984|757|885.9|90|0.0387
124|757|207.2|90|8.87
33|757|361.1|89|3.15
991|757|323.6|95|4.69
435|758|436.8|47|4.56
370|758|913.5|71|2.23
112|758|310.4|80|1.93
652|758|480.6|75|9.59
89|758|734.7|43|2.16
727|759|555.4|72|2.12
7|759|907.6|71|0.85
952|760|369.8|57|8.92
817|760|298.8|90|8.32
378|760|246.1|71|1.93
380|760|290.5|56|5.89
174|761|454.8|54|2.84
508|762|233.2|55|9.46
879|762|549.1|55|8.43
825|763|853.8|88|0.662
633|763|621.9|73|2.39
779|763|566.1|81|2.48
134|764|433.0|78|2.52
947|765|769.1|78|8.48
76|765|903.0|82|2.7
294|765|586.3|72|6.64
426|765|279.6|64|6.57
242|765|904.0|61|6.49
524|766|587.9|45|3.4
810|766|839.6|67|2.27
884|766|214.5|63|5.47
116|766|799.7|85|2.34
313|767|552.3|60|5.03
813|767|696.0|50|3.53
486|767|175.6|83|8.4
200|767|607.1|58|1.63
643|768|963.9|79|3.81
199|768|435.0|63|3.82
87|769|659.9|54|2.62
307|770|817.7|45|6.29
869|770|902.8|70|1.6
4|770|414.1|87|6.02
783|770|669.2|100|5.92
933|771|359.7|87|3.39
288|772|635.7|58|1.78
228|772|652.1|99|7.8
34|772|419.3|62|3.22
555|772|521.4|45|7.81
112|772|125.5|91|9.41
891|773|763.8|50|4.95
811|773|852.3|86|8.41
373|774|649.7|72|9.69
267|774|347.9|95|4.94
445|774|399.6|99|8.63
721|775|892.6|76|5.13
144|776|788.5|69|2.33
980|777|360.9|93|0.375
57|777|620.5|59|5.36
3|777|260.2|94|5.3
651|778|786.6|65|9.73
971|778|704.1|45|6.86
681|779|688.4|97|8.09
958|779|945.6|64|6.69
943|779|977.2|90|6.23
117|779|345.0|75|9.98
359|780|990.1|87|3.44
152|781|863.4|88|5.37
634|781|757.4|85|5.92
64|782|298.1|90|3.87
826|783|379.8|75|6.26
227|784|648.0|67|6.3
665|785|141.9|75|5.03
541|785|301.2|52|5.65
608|785|829.1|58|2.93
338|786|322.5|98|5.07
745|786|680.7|76|6.44
455|786|353.1|77|7.89
504|786|893.5|83|0.504
589|786|639.1|92|4.64
581|787|329.0|80|5.51
577|787|130.8|99|9.0
973|787|655.9|54|0.233
600|787|136.8|54|9.46
591|788|260.8|98|7.75
844|788|945.4|81|0.791
354|788|893.2|45|3.77
945|788|383.8|92|1.64
24|789|241.3|83|6.15
203|789|294.4|66|7.24
812|790|822.1|49|4.77
71|790|737.3|99|6.27
374|791|535.2|87|6.33
360|791|332.6|91|3.72
708|791|560.9|86|4.7
481|791|680.5|56|7.4
934|791|570.3|47|7.3
450|792|492.8|68|0.544
925|792|757.8|74|3.34
2|792|619.2|89|1.59
391|792|553.0|52|5.92
382|792|921.0|71|1.2
231|793|537.7|92|0.404
823|794|803.4|92|0.929
340|794|746.7|60|4.08
655|794|768.1|84|3.92
185|795|843.5|65|0.214
475|795|534.7|45|8.66
217|796|981.8|66|0.0941
14|796|683.4|87|6.51
695|796|191.6|61|6.39
260|796|287.0|96|2.55
353|796|932.1|51|0.479
853|797|505.4|100|1.71
91|797|559.1|78|0.778
170|797|937.9|55|2.75
636|798|703.6|90|4.07
795|799|992.0|73|5.99
977|800|548.5|89|2.15
834|801|544.7|77|5.36
944|801|817.9|79|0.646
16|802|805.1|56|3.46
678|803|499.1|48|5.04
376|803|467.4|53|4.92
562|803|252.7|47|8.71
866|804|220.4|78|0.803
271|804|336.7|76|5.95
424|804|968.8|76|7.25
831|804|892.5|64|3.17
60|804|488.4|74|8.48
343|805|493.0|91|4.34
516|805|142.4|49|2.1
919|805|673.4|48|9.18
664|805|913.5|79|0.853
161|805|236.8|91|8.15
860|806|340.5|75|8.2
916|806|365.6|76|3.37
890|806|601.7|62|7.61
584|806|498.8|79|6.34
825|807|666.1|46|3.03
835|807|449.2|66|9.14
136|807|660.9|61|2.47
592|808|375.2|48|6.08
678|808|303.2|60|0.436
692|809|620.8|72|4.25
704|810|943.3|56|1.87
253|810|450.6|77|8.83
623|810|399.2|48|9.32
527|811|927.4|47|8.58
558|811|204.7|53|3.86
74|812|580.0|51|2.7
323|812|677.3|49|9.61
534|812|610.2|58|3.68
762|813|986.8|85|9.41
873|813|238.3|87|5.48
599|813|243.1|60|3.35
192|813|639.9|72|8.37
492|814|943.3|60|3.6
626|814|742.5|52|4.06
460|814|902.1|89|5.1
822|814|889.8|49|5.17
78|814|685.1|60|6.04
882|815|520.8|97|6.38
477|815|936.7|83|0.411
439|815|301.9|93|4.48
129|815|866.9|59|2.47
980|815|720.5|48|0.829
46|816|348.7|70|4.69
708|816|398.4|44|2.52
54|816|473.8|89|5.85
212|816|611.7|59|5.09
482|816|913.1|50|3.06
685|817|495.9|62|8.88
977|818|647.0|58|1.02
563|818|520.7|88|9.48
534|818|571.7|45|6.81
811|818|439.1|92|6.63
882|819|631.6|44|1.02
377|819|333.7|97|7.87
416|820|243.9|94|7.56
342|820|192.0|87|7.38
871|821|243.3|47|5.1
245|821|414.0|89|9.3
692|821|837.0|53|6.2
421|821|442.4|93|7.37
391|822|837.7|96|7.79
129|822|253.8|48|5.77
103|822|283.7|70|0.333
948|822|966.0|79|1.96
810|822|935.3|52|5.99
712|823|254.4|70|1.47
124|823|619.6|91|6.44
862|823|154.1|92|4.02
486|823|658.8|48|6.87
465|824|882.0|98|8.5
765|824|983.7|73|9.18
455|824|651.1|88|0.788
418|824|517.7|46|7.58
128|824|500.5|52|6.09
957|825|894.3|57|2.73
325|825|764.7|59|2.5
416|826|915.0|86|4.48
600|826|286.7|94|1.46
388|827|997.6|58|6.04
910|827|700.5|94|7.77
656|827|907.0|94|1.4
928|827|832.7|81|5.65
94|828|230.5|66|6.76
709|828|592.6|47|5.33
831|828|534.6|94|7.55
60|828|670.1|87|6.22
574|829|905.7|91|1.14
48|829|763.8|75|7.63
446|830|443.5|76|6.66
766|830|409.6|73|5.96
714|830|435.4|57|8.66
555|830|420.3|71|2.36
875|831|956.2|69|6.6
625|832|297.4|94|2.75
420|833|415.5|57|3.79
400|834|126.9|48|6.08
935|834|198.3|66|4.38
736|834|672.7|56|1.06
704|834|971.4|66|8.51
666|835|945.4|49|3.83
825|835|877.7|53|4.66
710|835|445.8|88|6.32
605|836|166.7|52|5.39
821|836|921.9|43|7.84
472|837|538.8|66|0.0978
343|837|293.8|93|7.92
763|837|388.4|90|3.26
129|837|998.5|76|2.74
314|837|427.1|97|4.72
26|838|797.0|86|8.77
132|838|333.7|85|3.43
320|838|409.8|62|6.81
616|838|422.5|64|4.94
158|839|910.0|97|3.73
823|839|275.5|50|1.4
969|840|450.1|100|9.31
34|840|552.5|58|8.75
87|841|576.4|71|1.83
682|841|866.3|73|7.11
118|841|688.4|96|8.07
557|841|981.9|85|6.21
620|841|151.5|98|3.06
355|842|993.7|77|2.9
771|842|555.7|77|0.347
541|842|767.3|44|1.36
643|842|635.3|96|5.83
91|843|496.1|94|3.33
306|843|447.7|43|1.46
985|843|793.7|53|6.41
269|843|499.0|59|6.52
827|844|892.8|83|9.69
357|844|570.2|94|9.91
85|844|595.2|96|8.14
437|844|448.9|66|0.481
829|844|806.1|83|2.04
221|845|897.8|85|4.36
880|845|358.7|66|5.59
919|845|853.3|88|2.77
668|845|446.3|60|9.73
624|845|994.1|95|7.52
735|846|573.9|64|4.42
915|846|673.4|87|2.24
486|846|896.4|44|9.35
447|847|244.4|73|4.63
116|847|670.6|74|7.96
347|847|824.8|52|9.77
765|848|264.7|97|9.61
987|848|651.6|47|7.7
431|849|695.1|53|0.508
876|849|494.8|85|4.36
954|850|976.5|73|8.48
977|850|952.6|95|2.6
23|850|673.9|72|1.57
567|851|983.9|54|4.48
553|851|194.8|82|1.21
978|851|956.4|43|6.77
897|851|715.5|57|2.53
631|852|682.6|58|0.0859
564|852|383.1|100|4.53
403|852|925.1|81|7.51
824|852|189.4|67|2.54
580|853|497.1|44|8.09
303|853|775.8|79|7.16
950|853|988.9|83|0.443
481|854|147.7|66|8.48
63|854|944.3|44|4.38
660|855|838.8|69|3.34
602|855|488.3|65|8.53
773|855|904.5|93|0.485
947|855|978.5|54|3.92
987|855|458.0|95|8.66
142|856|662.0|74|7.96
81|856|523.6|93|0.189
635|856|519.6|57|0.0505
804|857|833.0|95|7.76
832|858|735.2|95|8.68
613|858|299.7|100|6.47
563|859|200.9|73|6.01
830|859|701.7|44|1.77
612|859|564.7|87|1.2
98|860|985.4|61|6.13
670|860|551.6|82|0.833
45|861|755.8|85|2.74
336|861|388.6|46|0.0232
478|861|672.9|43|0.00335
598|861|844.2|72|6.82
564|862|744.8|93|4.49
540|862|587.4|75|9.96
697|863|605.0|57|0.721
899|863|803.0|93|9.2
82|863|266.9|68|3.65
999|863|706.4|43|5.76
533|863|746.4|71|8.51
787|864|942.8|45|3.4
933|864|357.7|64|8.23
106|864|595.4|73|4.14
654|864|300.6|72|4.42
965|864|537.9|92|5.64
102|865|248.5|68|2.14
287|866|952.0|91|6.28
633|866|965.0|49|9.87
850|866|681.0|43|1.98
65|867|503.3|75|5.23
130|867|479.6|56|6.0
917|868|483.9|57|3.34
844|868|433.7|69|5.15
439|868|888.7|73|3.14
493|868|345.5|79|7.0
909|869|323.4|59|7.59
555|869|798.9|64|0.227
193|869|858.6|83|0.874
817|869|466.2|59|2.94
264|869|223.6|82|9.38
718|870|362.3|82|4.08
772|870|269.5|78|3.94
504|870|820.9|82|6.25
557|870|838.6|64|3.34
675|870|581.6|54|7.09
305|871|181.7|66|0.903
48|871|124.5|93|0.872
42|871|244.1|86|1.19
298|871|720.7|61|5.07
875|872|267.0|89|2.91
858|872|970.0|71|1.71
789|873|725.0|63|2.0
905|873|268.7|58|1.75
43|874|555.9|67|6.93
321|874|947.1|98|3.51
596|874|789.8|80|9.35
861|875|664.8|90|2.24
601|875|177.2|61|6.34
926|875|729.6|86|5.4
89|875|895.1|50|1.26
482|875|945.7|54|7.57
990|876|875.6|98|0.964
53|876|223.2|100|8.54
36|876|447.9|48|1.54
807|876|793.0|98|1.87
625|876|369.8|68|9.95
495|877|919.3|51|0.237
27|877|768.7|71|7.3
411|877|680.1|43|6.82
277|877|256.3|89|7.3
942|877|691.9|72|3.17
349|878|238.0|63|3.83
95|878|174.2|56|1.95
620|878|234.4|98|0.368
94|879|468.5|86|9.19
171|880|679.9|85|6.28
393|881|324.9|91|8.04
965|881|180.7|53|5.44
788|881|361.1|80|9.0
842|881|873.9|95|4.58
419|881|845.9|53|1.49
363|882|861.0|68|1.76
231|882|292.7|44|8.72
721|882|239.2|96|8.44
503|882|929.4|52|2.6
625|882|858.1|56|3.31
239|883|875.9|59|1.56
339|883|624.6|93|2.43
359|884|247.8|59|8.37
452|884|638.7|57|6.66
153|884|279.4|62|9.31
283|884|574.1|86|9.39
891|884|888.7|66|6.75
839|885|182.7|56|6.08
738|885|163.1|66|0.851
58|885|394.1|68|3.59
987|885|202.8|48|9.05
211|885|769.7|91|5.02
775|886|254.6|55|9.38
918|886|698.3|55|8.39
23|886|511.4|87|8.06
728|886|384.2|89|0.346
820|886|597.4|53|6.96
765|887|228.5|70|6.93
788|888|172.8|86|3.0
390|889|278.5|50|6.4
732|889|720.2|81|6.75
605|889|532.7|78|0.444
132|889|222.5|77|5.54
60|889|559.7|62|4.76
14|890|626.7|45|1.28
430|890|434.8|95|4.9
155|890|810.0|83|0.999
879|890|840.2|73|4.04
618|890|904.5|78|1.74
885|891|745.6|77|5.76
6|891|131.2|72|3.4
202|892|524.3|89|4.82
826|892|209.9|47|8.11
692|892|965.7|87|5.19
203|892|145.3|62|1.93
3|892|266.6|84|9.0
608|893|354.0|59|1.09
177|893|856.7|50|4.97
397|893|249.2|63|5.9
866|894|946.1|94|8.67
334|894|607.2|51|8.62
99|895|744.0|95|2.68
203|895|380.3|56|6.46
755|895|213.1|79|1.58
253|896|790.8|90|5.48
937|896|128.4|86|3.62
239|897|147.2|44|5.1
817|898|719.1|84|7.42
54|898|170.5|50|2.09
720|898|459.8|99|9.96
334|899|854.5|81|0.559
662|899|760.7|73|9.82
898|900|251.7|84|8.29
612|900|812.5|44|3.53
102|900|147.3|50|3.34
38|900|224.6|97|1.12
916|901|636.9|57|9.58
26|901|735.6|73|5.61
386|901|896.4|85|0.901
982|902|980.2|89|2.84
929|902|568.9|85|6.05
71|902|574.7|57|6.11
184|902|493.0|72|9.77
344|902|760.5|73|7.41
795|903|317.2|87|1.63
837|903|484.5|92|1.48
692|903|195.8|55|7.26
469|903|533.5|95|7.02
442|904|937.9|46|9.96
833|905|662.8|47|4.36
372|905|148.3|68|4.99
303|905|248.3|57|8.54
470|905|374.6|60|7.81
496|905|805.4|84|6.94
152|906|715.0|99|6.54
510|906|432.3|50|3.53
311|906|353.1|75|3.37
888|906|419.8|52|3.64
618|906|752.4|49|3.43
14|907|642.5|71|3.46
273|908|334.3|62|1.46
921|908|374.1|48|2.71
999|908|843.4|54|8.37
494|908|997.5|95|0.251
382|908|828.8|44|8.94
460|909|724.0|80|6.0
162|909|432.5|84|5.97
499|909|589.6|78|0.186
373|909|520.4|55|5.02
303|909|698.8|93|3.08
337|910|721.6|97|7.56
939|910|798.3|50|0.522
707|910|301.0|67|5.17
580|910|294.1|43|7.6
205|911|964.7|77|9.4
456|911|704.1|100|5.08
48|912|285.1|74|7.37
812|912|866.9|76|5.29
668|912|930.9|99|6.94
777|912|228.9|90|6.78
497|913|848.4|52|0.0528
308|913|930.1|71|5.54
995|914|384.6|100|8.93
569|914|507.4|43|1.17
770|915|741.7|58|2.89
136|915|730.6|90|6.89
749|915|120.2|76|3.15
307|915|415.8|91|7.95
302|916|901.4|78|8.65
140|916|460.6|51|2.59
288|916|875.6|46|6.0
155|917|170.9|57|6.8
217|917|271.7|45|7.99
26|917|632.8|47|6.76
670|918|992.3|74|9.79
536|918|989.0|82|8.67
817|919|789.1|76|0.273
505|919|911.6|66|6.97
533|919|735.6|54|8.89
936|919|561.7|83|0.917
678|920|773.6|89|7.92
697|920|235.9|57|7.99
351|920|504.8|98|6.57
976|920|181.8|53|0.598
660|920|924.1|52|0.601
47|921|911.0|59|5.4
22|922|279.4|63|6.89
49|923|882.7|59|3.11
182|924|979.5|89|6.55
745|924|662.1|71|2.73
399|925|139.7|90|8.17
985|925|566.6|67|9.74
532|925|965.2|56|0.492
490|925|662.2|45|6.52
937|925|953.5|63|3.37
692|926|368.6|55|0.973
587|926|489.9|94|8.62
485|926|328.2|61|9.98
483|926|906.3|77|7.91
80|926|814.7|69|7.88
11|927|518.1|61|8.19
296|927|830.2|97|4.0
290|927|323.0|71|6.68
647|927|338.8|59|9.9
293|927|400.4|65|4.48
857|928|792.7|61|3.13
624|928|555.9|74|8.73
20|928|751.6|68|5.84
149|929|908.4|100|6.86
973|930|605.9|80|5.89
721|930|487.4|67|6.57
900|930|441.9|75|1.21
25|931|580.3|47|5.58
434|931|663.2|74|4.52
397|931|145.1|97|2.16
416|932|940.9|45|3.34
968|932|968.7|44|5.77
510|933|956.1|95|4.61
127|933|244.1|98|5.82
153|933|977.7|70|6.27
849|934|271.5|64|7.74
450|934|256.4|63|1.21
95|934|850.4|95|8.33
222|935|352.5|87|7.8
769|936|277.4|63|9.27
872|936|330.7|72|6.19
899|936|170.9|92|3.21
857|936|471.7|81|6.06
765|937|762.4|90|2.02
334|937|969.5|79|8.48
996|937|976.5|88|4.67
877|937|458.7|58|7.62
571|938|467.0|84|0.179
817|938|852.2|99|9.99
227|938|302.8|45|2.27
320|938|390.1|79|6.9
547|939|709.0|73|8.67
945|939|992.7|52|7.21
422|939|883.9|88|4.54
79|940|986.0|52|4.3
863|940|836.3|59|7.23
593|940|510.0|78|1.32
693|940|694.0|63|6.27
803|941|660.4|47|1.03
461|942|845.2|71|4.9
216|942|325.9|80|2.16
391|942|682.0|86|9.43
495|942|774.1|83|1.91
519|943|433.1|99|3.69
237|943|776.9|73|6.53
216|943|207.9|45|5.07
37|943|190.4|61|3.55
803|944|192.5|52|3.14
16|945|530.8|61|3.41
902|946|676.8|57|0.953
356|946|483.7|87|4.59
256|947|840.7|89|6.75
40|947|982.7|52|1.06
196|947|246.7|97|3.24
996|947|586.5|99|9.71
135|948|248.0|45|6.56
40|948|416.7|71|9.73
539|948|137.7|46|9.3
201|948|142.0|90|2.45
877|948|744.5|64|5.36
913|949|965.5|72|6.58
570|949|980.7|87|3.61
816|949|569.5|92|5.13
353|949|812.8|85|8.38
331|949|709.7|76|7.51
432|950|728.8|60|2.0
995|950|841.2|76|9.38
228|951|957.2|72|9.32
543|952|217.9|52|4.95
954|952|704.6|75|5.73
658|952|171.5|52|1.62
701|953|782.6|65|9.64
990|953|773.5|90|6.38
785|953|998.9|56|0.237
550|953|577.2|89|0.114
849|954|461.9|66|9.59
595|954|410.4|91|6.13
966|954|916.2|84|0.097
299|954|344.5|59|8.1
370|954|994.7|79|5.89
964|955|462.6|84|1.76
479|956|398.6|95|2.53
382|956|936.1|83|9.91
277|956|238.3|91|4.56
965|957|823.3|82|2.27
577|957|636.3|75|5.19
838|958|698.0|61|7.34
434|958|380.0|88|5.52
893|958|492.8|69|6.19
201|959|745.5|82|3.57
855|959|436.0|83|3.68
593|959|967.4|53|7.96
545|960|783.7|71|3.33
301|960|540.2|46|7.02
325|960|602.1|87|2.23
730|961|980.7|89|7.41
521|962|197.6|58|0.0687
444|962|370.6|49|9.64
419|963|750.6|97|4.62
372|963|298.0|56|3.78
907|963|837.3|74|4.05
376|964|751.4|65|2.26
117|965|694.9|68|8.38
246|965|176.7|79|2.64
389|965|848.6|61|4.57
508|965|146.2|84|8.05
808|966|725.6|79|3.38
316|967|548.9|86|1.7
322|967|993.4|100|5.47
966|968|911.2|95|2.47
186|968|408.6|70|4.65
524|968|166.3|47|7.92
135|968|942.3|80|1.98
839|968|774.2|55|1.78
582|969|192.9|82|7.05
760|969|896.2|77|5.67
436|969|175.8|83|9.94
35|970|838.5|54|4.09
788|971|451.9|47|4.38
103|971|954.7|97|9.93
874|972|138.7|48|2.7
165|972|748.2|95|4.52
303|972|170.5|71|2.44
853|972|208.6|71|8.29
92|972|259.1|59|5.02
568|973|986.8|79|5.31
810|973|687.8|73|7.16
147|973|315.6|65|7.27
164|974|482.5|83|9.26
23|975|176.5|62|5.67
862|976|202.5|67|7.79
934|977|445.7|56|4.22
5|977|456.1|46|3.27
693|977|749.5|79|4.36
58|978|288.5|52|6.15
349|978|877.5|72|0.774
779|978|695.7|84|2.73
431|978|534.4|73|5.82
783|978|189.0|68|8.06
467|979|908.3|43|0.836
504|979|348.3|51|3.79
510|979|671.7|96|4.65
28|979|393.3|43|6.72
373|980|164.7|53|8.72
820|980|459.4|88|9.18
406|980|679.2|76|5.58
831|981|181.3|95|5.77
988|981|789.9|88|2.58
113|981|259.8|70|0.141
880|982|838.5|49|8.87
398|983|165.3|50|6.55
746|983|780.4|88|7.23
272|983|806.4|62|0.118
807|984|182.4|91|8.95
115|984|402.0|88|8.1
147|984|831.6|54|9.84
849|984|234.2|81|3.55
292|985|918.2|44|0.968
312|985|491.9|69|9.5
576|985|200.7|97|0.313
271|986|768.6|58|8.69
509|986|568.2|68|8.1
470|986|759.1|80|3.64
728|986|125.6|43|8.25
362|986|140.1|64|6.7
970|987|151.4|100|0.602
116|988|328.0|85|2.22
560|988|884.7|69|7.26
108|988|398.8|78|5.37
437|988|692.0|59|4.7
119|989|371.2|53|2.95
90|989|285.6|84|1.58
557|989|141.8|71|3.89
980|990|814.9|83|8.48
385|990|627.5|51|3.0
283|990|678.4|80|1.21
333|990|414.5|66|3.36
125|990|837.5|53|2.71
245|991|851.5|85|2.98
646|991|817.0|72|7.05
153|991|851.9|60|3.96
534|991|450.1|94|1.7
55|992|777.7|83|4.29
479|993|185.1|93|8.34
941|993|298.2|93|9.06
963|993|808.2|72|4.18
579|993|771.6|99|6.45
542|994|396.3|82|2.86
119|995|756.3|99|3.33
447|995|482.1|86|7.85
96|995|412.8|66|9.15
892|995|260.0|92|4.43
53|996|476.4|87|6.38
139|996|135.8|58|5.46
25|996|414.9|88|3.74
452|996|597.1|95|0.212
16|997|532.5|78|8.54
501|997|291.1|71|6.9
879|997|162.8|54|5.26
952|997|880.0|69|3.82
20|997|306.6|60|1.74
255|998|534.7|98|2.56
300|998|372.7|91|2.7
48|998|450.7|54|9.23
235|998|590.1|100|7.25
692|998|294.0|70|2.05
199|999|186.4|57|1.18
10|999|399.0|45|6.1
518|999|565.4|52|1.25
320|999|654.5|63|4.9
575|999|171.9|52|7.07
926|1000|636.0|77|2.0
